编号,医院名称,医院级别,属地,信源种类,信源链接,备注,数量,是否爬取完成,,
1,苏州大学附属第一医院（平江总院）,三甲,苏州市,医院官网,http://fyy.sdfyy.cn/Article/lists/category/65.html,张革,684,1,,
2,苏州大学附属第一医院（十梓街院区）,三甲,苏州市,医院官网,http://fyy.sdfyy.cn/Article/lists/category/65.html,张革,,同上,,
3,苏州市立医院本部,三甲,苏州市,医院官网,http://smh.cc/home2020/page/common/pageList.html?category=32&name=%E6%8B%9B%E6%A0%87%E4%BF%A1%E6%81%AF,张革,202,1,,
4,苏州市立医院东区,三甲,苏州市,医院官网,http://smh.cc/home2020/page/common/pageList.html?category=32&name=%E6%8B%9B%E6%A0%87%E4%BF%A1%E6%81%AF,张革,,同上,,
5,苏州市立医院北区,三甲,苏州市,医院官网,http://smh.cc/home2020/page/common/pageList.html?category=32&name=%E6%8B%9B%E6%A0%87%E4%BF%A1%E6%81%AF,张革,,同上,,
6,苏州大学附属第二医院（苏大二附院）,三甲,苏州市,医院官网,http://www.sdfey.com/indexAction_initNews.action?parentMenuId=BED3FE47-FE96-4B4D-BD2A-70F25475E3A4&menuId=99C4B9FA-61B5-4373-93D3-3C550FD9334A,张革,1079,1,,
7,苏州大学附属儿童医院,三甲,苏州市,医院官网,http://www.sdfey.cn/zhao-biao.html,张革,1299,1,,
8,苏州市中医医院,三甲,苏州市,医院官网,http://www.sztcm.org.cn/c.html#/affairsPublicity/recruitmentInformation,张革,190,1,,
9,苏州市九龙医院,三甲,苏州市,无,,张革,,,,
10,苏州科技城医院,三甲,苏州市,医院官网,https://www.szkjcyy.com/channels/74_2.html,张革,120,1,,
11,苏州市第三人民医院,三乙,苏州市,无,,王章全,,,,
12,苏州市第二人民医院,三乙,苏州市,,,王章全,,,,
13,苏州市立医院北区,三乙,苏州市,医院官网,http://smh.cc/home2020/page/common/pageList.html?category=32&name=%E6%8B%9B%E6%A0%87%E4%BF%A1%E6%81%AF,王章全,204,1,,
14,苏州市立医院（苏州母子医疗保健中心）,三乙,苏州市,无,,王章全,,,,
15,苏州市立医院东区,三乙,苏州市,无,,王章全,,,,
16,苏州市立医院（本部）支社,三乙,苏州市,无,,王章全,,,,
17,苏州市立医院东区支社,三乙,苏州市,无,,王章全,,,,
18,苏州市普济医院,三丙,苏州市,无,,王章全,,,,
19,苏州圣爱医院,二甲,苏州市,无,,王章全,,,,
20,昆山市第一人民医院（江苏大学附属昆山医院）,二甲,苏州市,无,,王章全,,,,
21,昆山市第二人民医院（昆山市红十字医院、玉山医院）,二甲,苏州市,昆山政府采购网,http://www.ks.gov.cn/search4/s?searchWord=%25E6%2598%2586%25E5%25B1%25B1%25E5%25B8%2582%25E7%25AC%25AC%25E4%25BA%258C%25E4%25BA%25BA%25E6%25B0%2591%25E5%258C%25BB%25E9%2599%25A2&column=%25E5%2585%25A8%25E9%2583%25A8&pageSize=10&pageNum=0&siteCode=3205830040&sonSiteCode=&checkHandle=1&searchSource=0&govWorkBean=%257B%257D&areaSearchFlag=0&secondSearchWords=&topical=&docName=&label=&countKey=0&uc=0&left_right_index=0&searchBoxSettingsIndex=&manualWord=%25E6%2598%2586%25E5%25B1%25B1%25E5%25B8%2582%25E7%25AC%25AC%25E4%25BA%258C%25E4%25BA%25BA%25E6%25B0%2591%25E5%258C%25BB%25E9%2599%25A2&orderBy=0&startTime=&endTime=&timeStamp=5&strFileType=&wordPlace=1,庾桂铭,,,,
22,常熟市中医院（常熟市新区医院）,二甲,苏州市,医院官网,https://www.cszyy.cn/html/yuanwugongkai/zhaobiaoxinxi/list_58_1.html,庾桂铭,27,1,,
23,常熟市第三人民医院（常熟市精神卫生中心）,二甲,苏州市,江苏省公共资源交易平台,http://jsggzy.jszwfw.gov.cn/search/fullsearch.html?wd=%E5%B8%B8%E7%86%9F%E5%B8%82%E7%AC%AC%E4%B8%89%E4%BA%BA%E6%B0%91%E5%8C%BB%E9%99%A2%EF%BC%88%E5%B8%B8%E7%86%9F%E5%B8%82%E7%B2%BE%E7%A5%9E%E5%8D%AB%E7%94%9F%E4%B8%AD%E5%BF%83%EF%BC%89,庾桂铭,101,1,,
24,昆山市中医院,二甲,苏州市,江苏省政府采购网,http://www.ccgp-jiangsu.gov.cn/jiangsu/search.html?kw=%E6%98%86%E5%B1%B1%E5%B8%82%E4%B8%AD%E5%8C%BB%E9%99%A2,庾桂铭,,,,
25,太仓市第三人民医院（精神病防治院）,二甲,苏州市,江苏省公共资源交易平台,http://jsggzy.jszwfw.gov.cn/search/fullsearch.html?wd=%E5%A4%AA%E4%BB%93%E5%B8%82%E7%AC%AC%E4%B8%89%E4%BA%BA%E6%B0%91%E5%8C%BB%E9%99%A2,庾桂铭,30,1,,
26,太仓市第一人民医院,二甲,苏州市,江苏省公共资源交易平台,http://jsggzy.jszwfw.gov.cn/search/fullsearch.html?wd=%E5%A4%AA%E4%BB%93%E5%B8%82%E7%AC%AC%E4%B8%80%E4%BA%BA%E6%B0%91%E5%8C%BB%E9%99%A2,庾桂铭,90,1,,
27,常熟市第五人民医院（虞山镇人民医院）,二甲,苏州市,江苏省公共资源交易平台, ,庾桂铭,90,1,,
28,昆山市第一人民医院开发区分院,二甲,苏州市,无,,庾桂铭,,,,
29,吴江市第二人民医院,二甲,苏州市,医院官网,https://www.wjeryuan.com/info.yhtm?id=&twoid=&oneid={7761B9FE-F168-44D3-A54A-CD53658F6FA3}&zid={25C7084A-D9EC-4A2B-80AC-1575CE0536FA},庾桂铭,333,1,,
30,昆山市第三人民医院,二甲,苏州市,昆山政府采购网,http://www.ks.gov.cn/search4/s?searchWord=%25E6%2598%2586%25E5%25B1%25B1%25E5%25B8%2582%25E7%25AC%25AC%25E4%25B8%2589%25E4%25BA%25BA%25E6%25B0%2591%25E5%258C%25BB%25E9%2599%25A2&column=%25E5%2585%25A8%25E9%2583%25A8&pageSize=10&pageNum=0&siteCode=3205830040&sonSiteCode=&checkHandle=1&searchSource=0&govWorkBean=%257B%257D&areaSearchFlag=0&secondSearchWords=&topical=&docName=&label=&countKey=0&uc=0&left_right_index=0&searchBoxSettingsIndex=&manualWord=%25E6%2598%2586%25E5%25B1%25B1%25E5%25B8%2582%25E7%25AC%25AC%25E4%25B8%2589%25E4%25BA%25BA%25E6%25B0%2591%25E5%258C%25BB%25E9%2599%25A2&orderBy=0&startTime=&endTime=&timeStamp=5&strFileType=&wordPlace=1,庾桂铭,,,,
31,常熟市妇幼保健院,二甲,苏州市,无,,郭世远,,,,
32,昆山市第六人民医院,二甲,苏州市,苏州市政府采购网,https://czju.suzhou.gov.cn/zfcg/html/searchkey.shtml?title=%E6%98%86%E5%B1%B1%E5%B8%82%E7%AC%AC%E5%85%AD%E4%BA%BA%E6%B0%91%E5%8C%BB%E9%99%A2,郭世远,40,1,,
33,苏州市第五人民医院,二甲,苏州市,医院官网,http://www.szwy.cn/ShowWeb.aspx?ClassID=10,郭世远,需要渲染才能抓取,,,
34,常熟市第一人民医院,二甲,苏州市,医院官网,https://www.jscsyy.cn/info/disclosure,郭世远,需要渲染才能抓取,,,
35,常熟市第二人民医院（扬州大学医学院附属常熟医院、扬州大学第五临床医学院）,二甲,苏州市,医院官网,http://www.csey.cn/plus/list.php?tid=2,郭世远,104,1,,
36,吴江市第一人民医院（南通大学附属吴江医院）,二甲,苏州市,苏州市政府采购网,https://czju.suzhou.gov.cn/zfcg/html/searchkey.shtml?title=%E5%90%B4%E6%B1%9F%E5%B8%82%E7%AC%AC%E4%B8%80%E4%BA%BA%E6%B0%91%E5%8C%BB%E9%99%A2,郭世远,5,1,,
37,常熟市老年医院,二甲,苏州市,无,,郭世远,,,,
38,张家港市中医医院,二甲,苏州市,医院官网,https://www.zjghtcm.com/?list/41,郭世远,383,1,,
39,苏州市沧浪医院,二甲,苏州市,无,,郭世远,,,,
40,太仓市中医医院,二甲,苏州市,医院官网,http://www.tczyy.com/newslist.aspx?type=gggs,郭世远,页面不返回数据,,,
41,苏州市精神病福利院（苏州市普济护理院）,二甲,苏州市,无,,张革,,,,
42,苏州眼耳鼻喉科医院 ,二甲,苏州市,无,,张革,,,,
43,苏州市口腔医院,二甲,苏州市,无,,张革,,,,
44,张家港市朝阳五官科医院,二甲,苏州市,无,,张革,,,,
45,苏州市平江区人民医院,二甲,苏州市,无,,张革,,,,
46,苏州口腔医院（苏州市红十字口腔医院、苏州市牙病防治中心）,二甲,苏州市,无,,张革,,,,
47,张家港市第三人民医院（张家港市塘桥人民医院）,二甲,苏州市,无,,张革,,,,
48,万春专科医院,二甲,苏州市,无,,张革,,,,
49,苏州市吴中区老年病医院（吴县血防医院、吴县市第三人民医院）,二甲,苏州市,无,,张革,,,,
50,张家港市肿瘤专科医院,二甲,苏州市,无,,张革,,,,
51,昆山市广慈医院,二甲,苏州市,无,,张革,,,,
52,吴中人民医院,二甲,苏州市,苏州市卫康招投标咨询服务有限公司,http://www.szweikang.com/szsb/HomePage/ShowMoreYL.aspx,张革,,,,
53,太仓市第二人民医院,二甲,苏州市,无,,张革,,,,
54,太仓市中医院,二甲,苏州市,医院官网,http://www.tczyy.com/newslist.aspx?type=gggs,张革,673,1,,
55,中国人民解放军第一00医院,二甲,苏州市,无,,张革,,,,
56,昆山市红十字中医院,二甲,苏州市,无,,张革,,,,
57,苏州市吴中人民医院,二甲,苏州市,无,,王章全,,,,
58,张家港市第一人民医院（苏州大学附属张家港市医院）,二甲,苏州市,无,,王章全,,,,
59,苏州市吴中区第二人民医院,二甲,苏州市,无,,王章全,,,,
60,张家港市第一人民医院苏州大学附属张家港医院,二甲,苏州市,无,,王章全,,,,
61,苏州广慈肿瘤医院（苏州大学附属第一医院广慈分院）,二甲,苏州市,,,王章全,,,,
62,苏州市华夏口腔医院（苏州卫生职业技术学院附属口腔医院、江苏省口腔医院苏州分院）,二甲,苏州市,,,王章全,,,,
63,澳洋医院,二甲,苏州市,,,王章全,,,,
64,苏州市东吴中西医结合医院,二甲,苏州市,,,王章全,,,,
65,张家港市中医院,二甲,苏州市,,,王章全,,,,
66,常熟市第六人民医院（常熟市红十字医院）,二甲,苏州市,,,王章全,,,,
67,苏州市广济医院,二甲,苏州市,,,王章全,,,,
68,吴江市第三人民医院,二乙,苏州市,中国招标投标公共服务平台,https://bulletin.cebpubservice.com/resultBulletin/2021-12-17/6329275.html,王京岭,,,,
69,苏州市金阊医院,二乙,苏州市,苏州市政府采购,https://czju.suzhou.gov.cn/zfcg/html/search.shtml?type=&title=&choose=&projectType=0&zbCode=&appcode=,王京岭,,,,
70,苏州市第七人民医院（苏州大学附属第二医院高新区医院）,二乙,苏州市,医院官网,http://www.sdfey.com/indexAction_initNews.action?parentMenuId=BED3FE47-FE96-4B4D-BD2A-70F25475E3A4&menuId=99C4B9FA-61B5-4373-93D3-3C550FD9334A,王京岭,同6,1,,
71,张家港广和中西医结合医院,二乙,苏州市,无,,王京岭,,,,
72,张家港市康乐医院,二乙,苏州市,苏州市政府采购,https://czju.suzhou.gov.cn/zfcg/html/search.shtml?title=%E5%BC%A0%E5%AE%B6%E6%B8%AF%E5%B8%82%E5%BA%B7%E4%B9%90%E5%8C%BB%E9%99%A2&choose=&projectType=0&zbCode=&appcode=,王京岭,2,1,,
73,张家港市金港人民医院,二乙,苏州市,无,,王京岭,,,,
74,太仓市沙溪人民医院,二乙,苏州市,苏州市政府采购,https://czju.suzhou.gov.cn/zfcg/html/search.shtml?title=%E5%A4%AA%E4%BB%93%E5%B8%82%E6%B2%99%E6%BA%AA%E4%BA%BA%E6%B0%91%E5%8C%BB%E9%99%A2&choose=&projectType=0&zbCode=&appcode=,王京岭,13,1,,
75,苏州大学附属第一医院盛泽分院,二乙,苏州市,无,,王京岭,,,,
76,张家港市妇幼保健院,二乙,苏州市,无,,王京岭,,,,
77,张家港市疾病预防控制中心,二乙,苏州市,苏州市政府采购,https://czju.suzhou.gov.cn/zfcg/html/search.shtml?title=%E5%BC%A0%E5%AE%B6%E6%B8%AF%E5%B8%82%E7%96%BE%E7%97%85%E9%A2%84%E9%98%B2%E6%8E%A7%E5%88%B6%E4%B8%AD%E5%BF%83&choose=&projectType=0&zbCode=&appcode=,王京岭,14,1,,
78,苏州市浒墅关镇第七人民医院,二乙,苏州市,无,,王京岭,,,,
79,常熟市第六人民医院常熟市红十字医字,二乙,苏州市,无,,王京岭,,,,
80,吴中区木渎人民医院,二乙,苏州市,无,,王京岭,,,,
81,昆山视眼耳鼻喉医院,二乙,苏州市,无,,王京岭,,,,
82,昆山市第四人民医院,一甲,苏州市,苏州市政府采购,https://czju.suzhou.gov.cn/zfcg/html/searchkey.shtml?title=%E6%98%86%E5%B1%B1%E5%B8%82%E7%AC%AC%E5%9B%9B%E4%BA%BA%E6%B0%91%E5%8C%BB%E9%99%A2,王京岭,50,1,,
83,苏州市相城区渭塘新区诊所,一甲,苏州市,无,,王京岭,,,,
84,相城人民医院（里口门诊部）,一甲,苏州市,苏州市政府采购,https://czju.suzhou.gov.cn/zfcg/html/searchkey.shtml?title=%E7%9B%B8%E5%9F%8E%E4%BA%BA%E6%B0%91%E5%8C%BB%E9%99%A2,王京岭,91,1,,
85,常熟市第五人民医院常熟市老年医院,一甲,苏州市,苏州市政府采购,https://czju.suzhou.gov.cn/zfcg/html/searchkey.shtml?title=%E5%B8%B8%E7%86%9F%E5%B8%82%E7%AC%AC%E4%BA%94%E4%BA%BA%E6%B0%91%E5%8C%BB%E9%99%A2,王京岭,28,1,,
86,苏州市吴中区长桥人民医院,一甲,苏州市,苏州市政府采购,https://czju.suzhou.gov.cn/zfcg/html/searchkey.shtml?title=%E8%8B%8F%E5%B7%9E%E5%B8%82%E5%90%B4%E4%B8%AD%E5%8C%BA%E9%95%BF%E6%A1%A5%E4%BA%BA%E6%B0%91%E5%8C%BB%E9%99%A2,王京岭,26,1,,
87,太仓友谊医院,一甲,苏州市,无,,王京岭,,,,
88,张家港市第五人民医院(张家港市乐余镇人民医院),一甲,苏州市,苏州市政府采购,https://czju.suzhou.gov.cn/zfcg/html/searchkey.shtml?title=%E5%BC%A0%E5%AE%B6%E6%B8%AF%E5%B8%82%E7%AC%AC%E4%BA%94%E4%BA%BA%E6%B0%91%E5%8C%BB%E9%99%A2(%E5%BC%A0%E5%AE%B6%E6%B8%AF%E5%B8%82%E4%B9%90%E4%BD%99%E9%95%87%E4%BA%BA%E6%B0%91%E5%8C%BB%E9%99%A2),王京岭,12,1,,
89,苏州市相城区阳澄湖镇消泾门诊部,一甲,苏州市,无,,王京岭,,,,
90,淀山湖人民医院,一甲,苏州市,苏州市政府采购,https://czju.suzhou.gov.cn/zfcg/html/searchkey.shtml?title=%E6%B7%80%E5%B1%B1%E6%B9%96%E4%BA%BA%E6%B0%91%E5%8C%BB%E9%99%A2,王京岭,11,1,,
91,太仓市城厢镇卫生院,一甲,苏州市,苏州市政府采购,https://czju.suzhou.gov.cn/zfcg/html/searchkey.shtml?title=%E5%A4%AA%E4%BB%93%E5%B8%82%E5%9F%8E%E5%8E%A2%E9%95%87%E5%8D%AB%E7%94%9F%E9%99%A2,王京岭,1,1,,
92,昆山市巴城镇正仪医院,一甲,苏州市,无,,王京岭,,,,
93,兆丰医院有限公司,一甲,苏州市,无,,郭世远,,,,
94,苏州市吴中区妇幼保健所（苏州吴县市妇幼保健所）,一甲,苏州市,苏州市政府采购,https://czju.suzhou.gov.cn/zfcg/html/searchkey.shtml?title=%E8%8B%8F%E5%B7%9E%E5%B8%82%E5%90%B4%E4%B8%AD%E5%8C%BA%E5%A6%87%E5%B9%BC%E4%BF%9D%E5%81%A5%E6%89%80,郭世远,17,1,,
95,张家港市妙桥医院有限责任公司,一甲,苏州市,无,,郭世远,,,,
96,苏州市相城区陆巷社区卫生所,一甲,苏州市,无,,郭世远,,,,
97,张家港澳洋顺慈医院有限公司（三兴卫生院）,一甲,苏州市,无,,郭世远,,,,
98,苏州市相城区元和行政中心卫生所,一甲,苏州市,无,,郭世远,,,,
99,吴江市震泽镇中心卫生院,一甲,苏州市,采招网,https://www.bidcenter.com.cn/newssearchyz-8885922.html,郭世远,,,,
100,苏州市相城区阳澄湖镇（田泾）卫生院,一甲,苏州市,苏州市政府采购,https://czju.suzhou.gov.cn/zfcg/html/searchkey.shtml?title=%E8%8B%8F%E5%B7%9E%E5%B8%82%E7%9B%B8%E5%9F%8E%E5%8C%BA%E9%98%B3%E6%BE%84%E6%B9%96%E9%95%87%E5%8D%AB%E7%94%9F%E9%99%A2,郭世远,,,,
101,苏州市相城区阳澄湖镇新康诊所,一甲,苏州市,无,,郭世远,,,,
102,苏州市相城区元和卫生院娄花卫生所,一甲,苏州市,无,,郭世远,,,,
103,苏州市相城区元和蠡口社区卫生服务站,一甲,苏州市,无,,张革,,,,
104,昆山市锦溪人民医院（昆山市一院锦溪分院）,一甲,苏州市,昆山市政府采购电子商城,http://mall.ksggzy.com:90/notice.html?type=cj&page=1&keyword=%u6606%u5C71%u5E02%u9526%u6EAA%u4EBA%u6C11%u533B%u9662,张革,,,,
105,吴江市黎里镇中心卫生院,一甲,苏州市,机电产品招标投标电子交易平台,https://www.chinabidding.com/search/proj.htm,张革,,,,
106,苏州市相城区黄桥镇中门诊部,一甲,苏州市,无,,张革,,,,
107,苏州市相城区黄桥镇卫生院,一甲,苏州市,中国招标投标公共服务平台,https://ctbpsp.com/#/bulletinList,张革,,,,
108,苏州市相城区渭北社区卫生服务站,一甲,苏州市,无,,张革,,,,
109,江苏省昆山市周庄人民医院,一甲,苏州市,无,,张革,,,,
110,昆山市花桥人民医院,一甲,苏州市,采购与招标网,https://www.chinabidding.cn/search/searchgj/zbcg?keywords=%E6%98%86%E5%B1%B1%E5%B8%82%E4%B8%AD%E8%A5%BF%E5%8C%BB%E7%BB%93%E5%90%88%E5%8C%BB%E9%99%A2,张革,,,,
111,周市镇人民医院,一甲,苏州市,无,,张革,,,,
112,苏州市相城区太平凤凰社区卫生所,一甲,苏州市,无,,张革,,,,
113,苏州市相城区太平金澄社区卫生所,一甲,苏州市,无,,王京岭,,,,
114,苏州市相城区太平街道卫生院,一甲,苏州市,无,,王京岭,,,,
115,张家港东莱医院有限公司,一甲,苏州市,无,,张革,,,,
116,常熟市兴隆卫生院（常熟市兴隆社区服务中心）,一甲,苏州市,无,,张革,,,,
117,张家港澳洋顺济医院有限公司（杨舍卫生院）,一甲,苏州市,无,,张革,,,,
118,苏州市虎丘镇卫生院,一甲,苏州市,无,,张革,,,,
119,苏州市相城区望亭望亭新区诊所,一甲,苏州市,无,,张革,,,,
120,苏州市相城区东桥镇卫生院康太诊所,一甲,苏州市,无,,张革,,,,
121,苏州市相城区北桥寺泾门诊所,一甲,苏州市,无,,张革,,,,
122,昆山市千灯人民医院,一甲,苏州市,无,,张革,,,,
123,苏州市吴中区浦庄镇卫生院,一甲,苏州市,无,,张革,,,,
124,苏州市相城区渭西社区卫生服务站,一甲,苏州市,无,,张革,,,,
125,开发区蓬朗医院,一甲,苏州市,无,,张革,,,,
126,常熟市大义卫生院,一甲,苏州市,http://www.szzyjy.com.cn:8086/cssfzx/032006/csCity_jyxx.html,,张革,,,,
127,苏州市吴中皮肤病医院（苏州市吴中性病防治中心）,一甲,苏州市,无,,张革,,,,
128,苏州市相城区阳澄湖（湘城）卫生院,一甲,苏州市,中国招标投标公共服务平台,https://ctbpsp.com/#/bulletinList,张革,,,,
129,苏州市相城区太平卫生院沈桥卫生所,一甲,苏州市,无,,张革,,,,
130,苏州市相城区湖沁社区卫生服务站,一甲,苏州市,无,,张革,,,,
131,相城区元和卫生院,一甲,苏州市,中国政府采购网,http://search.ccgp.gov.cn/bxsearch?searchtype=1&page_index=1&bidSort=0&buyerName=&projectId=&pinMu=0&bidType=0&dbselect=bidx&kw=%E8%8B%8F%E5%B7%9E%E5%B8%82%E7%9B%B8%E5%9F%8E%E5%8C%BA%E5%85%83%E5%92%8C%E8%A1%97%E9%81%93%E5%8D%AB%E7%94%9F%E9%99%A2&start_time=2016%3A06%3A11&end_time=2017%3A04%3A18&timeType=6&displayZone=&zoneId=&pppStatus=0&agentName=,张革,,,,
132,太仓市直塘卫生院,一甲,苏州市,机电产品招标投标电子交易平台,https://www.chinabidding.com/search/proj.htm,张革,,,,
133,张家港中心医院（泗港卫生院）,一甲,苏州市,机电产品招标投标电子交易平台,https://www.chinabidding.com/search/proj.htm,张革,,,,
134,昆山市周市镇陆杨医院,一甲,苏州市,无,,张革,,,,
135,太仓市鹿河卫生院,一甲,苏州市,无,,张革,,,,
136,张家港市第二人民医院,一甲,苏州市,机电产品招标投标电子交易平台,https://www.chinabidding.com/search/proj.htm,张革,,,,
137,张家港合兴医院有限公司,一甲,苏州市,无,,张革,,,,
138,张家港市鹿苑医院有限公司,一甲,苏州市,机电产品招标投标电子交易平台,https://www.chinabidding.com/search/proj.htm,张革,,,,
139,张家港市金港镇人民医院,一甲,苏州市,机电产品招标投标电子交易平台,https://www.chinabidding.com/search/proj.htm,张革,,,,
140,张家港市博爱医院有限公司,一甲,苏州市,机电产品招标投标电子交易平台,https://www.chinabidding.com/search/proj.htm,张革,,,,
141,张家港大新卫生院,一甲,苏州市,无,,张革,,,,
142,张家港沙洲医院,一甲,苏州市,无,,张革,,,,
143,苏州市相城区黄埭镇黄埭超市门诊所,一甲,苏州市,无,,张革,,,,
144,张家港乘航医院有限公司,一甲,苏州市,无,,张革,,,,
145,张家港市澳洋顺康医院（塘市卫生院）,一甲,苏州市,无,,张革,,,,
146,太仓市港区医院,一甲,苏州市,机电产品招标投标电子交易平台,https://www.chinabidding.com/search/proj.htm,张革,,,,
147,苏州市相城区太平街道乐安社区卫生服务站,一甲,苏州市,无,,张革,,,,
148,张家港市凤凰镇医院,一甲,苏州市,机电产品招标投标电子交易平台,https://www.chinabidding.com/search/proj.htm,张革,,,,
149,张家港中兴卫生院,一甲,苏州市,无,,张革,,,,
150,张家港西张医院有限公司,一甲,苏州市,无,,张革,,,,
151,太仓市岳王卫生院,一甲,苏州市,无,,张革,,,,
152,张家港市锦丰镇人民医院,一甲,苏州市,机电产品招标投标电子交易平台,https://www.chinabidding.com/search/proj.htm,张革,,,,
153,常阴沙医院有限公司,一甲,苏州市,机电产品招标投标电子交易平台,https://www.chinabidding.com/search/proj.htm,张革,,,,
154,张家港双山卫生院,一甲,苏州市,无,,张革,,,,
155,苏州市相城区东桥镇卫生院,一甲,苏州市,无,,张革,,,,
156,苏州高新区横塘人民医院,一甲,苏州市,江苏政府采购,http://www.ccgp-jiangsu.gov.cn/jiangsu/search.html?kw=%E8%8B%8F%E5%B7%9E%E9%AB%98%E6%96%B0%E5%8C%BA%E6%A8%AA%E5%A1%98%E4%BA%BA%E6%B0%91%E5%8C%BB%E9%99%A2,张革,,,,
157,苏州市相城区渭塘卫生院,一甲,苏州市,无,,张革,,,,
158,太仓市双凤卫生院,一甲,苏州市,江苏省公共资源交易平台,http://jsggzy.jszwfw.gov.cn/search/fullsearch.html?wd=%E5%A4%AA%E4%BB%93%E5%B8%82%E5%8F%8C%E5%87%A4%E5%8D%AB%E7%94%9F%E9%99%A2,张革,90,1,,
159,太仓市金浪卫生院,一甲,苏州市,江苏省公共资源交易平台,http://jsggzy.jszwfw.gov.cn/search/fullsearch.html?wd=%E5%A4%AA%E4%BB%93%E5%B8%82%E6%B5%AE%E6%A1%A5%E9%95%87%E9%87%91%E6%B5%AA%E5%8D%AB%E7%94%9F%E9%99%A2,张革,,,,
160,苏州市相城区计划生育指导站,一甲,苏州市,无,,张革,,,,
161,苏州市相城区北桥卫生院,一甲,苏州市,江苏省公共资源交易平台,http://jsggzy.jszwfw.gov.cn/search/fullsearch.html?wd=%E8%8B%8F%E5%B7%9E%E5%B8%82%E7%9B%B8%E5%9F%8E%E5%8C%BA%E5%8C%97%E6%A1%A5%E5%8D%AB%E7%94%9F%E9%99%A2,张革,,,,
162,张家港市南丰卫生院,一甲,苏州市,无,,张革,,,,
163,苏州市相城区元和泰元社区卫生服务站,一甲,苏州市,无,,张革,,,,
164,张家港市香山医院有限公司,一甲,苏州市,机电产品招标投标电子交易平台,https://www.chinabidding.com/search/proj.htm,张革,,,,
165,苏州市红十字会老年康复医院,一甲,苏州市,江苏省公共资源交易平台,http://jsggzy.jszwfw.gov.cn/search/fullsearch.html?wd=%E8%8B%8F%E5%B7%9E%E5%B8%82%E7%BA%A2%E5%8D%81%E5%AD%97%E4%BC%9A%E8%80%81%E5%B9%B4%E5%BA%B7%E5%A4%8D%E5%8C%BB%E9%99%A2,张革,,,,
166,张家港市东沙医院,一甲,苏州市,无,,张革,,,,
167,张家港晨阳医院有限公司,一甲,苏州市,无,,张革,,,,
168,巴城镇人民医院,一甲,苏州市,千里马招标,http://www.qianlima.com/common/agents_info.jsp?id=672363,张革,,,,
169,吴江市七都镇庙港卫生院,一乙,苏州市,江苏政府采购网,http://www.ccgp-jiangsu.gov.cn/jiangsu/search.html?,张革,,,,
170,吴江市横扇镇菀坪卫生院,一乙,苏州市,江苏政府采购网,http://www.ccgp-jiangsu.gov.cn/jiangsu/search.html?,张革,,,,
171,太仓市王秀卫生院,一乙,苏州市,江苏政府采购网,http://www.ccgp-jiangsu.gov.cn/jiangsu/search.html?,张革,,,,
172,吴江市盛泽镇南麻卫生院,一乙,苏州市,江苏政府采购网,http://www.ccgp-jiangsu.gov.cn/jiangsu/search.html?,张革,,,,
173,吴江市桃源医院,一乙,苏州市,无,,张革,,,,
174,吴江市平望镇梅埝卫生院,一乙,苏州市,无,,张革,,,,
175,太仓市时思卫生院,一乙,苏州市,无,,张革,,,,
176,吴江市铜罗卫生院,一乙,苏州市,江苏政府采购网,http://www.ccgp-jiangsu.gov.cn/pss/jsp/search.jsp?kw=吴江市桃源镇铜罗卫生院&qt=0&plm=&sd=1529251200000&ed=1655568000000&validateCode=pnmv&page=1,张革,,,,
177,吴江市横扇镇卫生院,一乙,苏州市,江苏省公共资源交易平台,http://jsggzy.jszwfw.gov.cn/search/fullsearch.html?wd=%E6%A8%AA%E6%89%87%E5%8D%AB%E7%94%9F%E9%99%A2,张革,,,,
178,吴江市同里镇屯村卫生院,一乙,苏州市,江苏政府采购网,http://www.ccgp-jiangsu.gov.cn/pss/jsp/search.jsp?kw=吴江市桃源镇铜罗卫生院&qt=0&plm=&sd=1529251200000&ed=1655568000000&validateCode=pnmv&page=1,张革,,,,
179,太仓市新毛卫生院,一乙,苏州市,无,,张革,,,,
180,太仓市老闸卫生院,一乙,苏州市,无,,张革,,,,
181,太仓市新湖卫生院,一乙,苏州市,江苏省公共资源交易平台,http://jsggzy.jszwfw.gov.cn/search/fullsearch.html?wd=%E5%A4%AA%E4%BB%93%E5%B8%82%E6%96%B0%E6%B9%96%E5%8D%AB%E7%94%9F%E9%99%A2,张革,,,,
182,太仓市归庄卫生院,一乙,苏州市,江苏省公共资源交易平台,http://jsggzy.jszwfw.gov.cn/search/fullsearch.html?wd=%E5%A4%AA%E4%BB%93%E5%B8%82%E5%BD%92%E5%BA%84%E5%8D%AB%E7%94%9F%E9%99%A2,张革,,,,
183,吴江市松陵卫生院,一乙,苏州市,无,,张革,,,,
184,吴江市疾病控制中心门诊部,一乙,苏州市,无,,张革,,,,
185,太仓市牌楼卫生院,一乙,苏州市,江苏省公共资源交易平台,https://jsggzy.jszwfw.gov.cn/search/fullsearch.html?wd=%E5%A4%AA%E4%BB%93%E5%B8%82%E7%89%8C%E6%A5%BC%E5%8D%AB%E7%94%9F%E9%99%A2,张革,,,,
186,吴江市康复医院,一乙,苏州市,江苏政府采购网,http://www.ccgp-jiangsu.gov.cn/pss/jsp/search.jsp?kw=吴江市桃源镇铜罗卫生院&qt=0&plm=&sd=1529251200000&ed=1655568000000&validateCode=pnmv&page=1,张革,,,,
187,吴江市妇幼保健所,一乙,苏州市,无,,张革,,,,
188,吴江市七都镇卫生院,一乙,苏州市,江苏政府采购网,http://www.ccgp-jiangsu.gov.cn/pss/jsp/search.jsp?kw=吴江市桃源镇铜罗卫生院&qt=0&plm=&sd=1529251200000&ed=1655568000000&validateCode=pnmv&page=1,张革,,,,
189,张家港时代港口医院有限公司,一丙,苏州市,无,,张革,,,,
190,苏州金阊医院,一丙,苏州市,无,,张革,,,,
191,无锡市第二人民医院,三甲,无锡市,医院官网,https://www.wx2h.com/zhaobiao/tzindex/index.html,张革,2164,1,,
192,无锡市人民医院,三甲,无锡市,医院官网,http://www.wuxiph.com/info/WangShangQiaoBiao/,张革,178,1,,
193,无锡市第一人民医院,三甲,无锡市,同上,同上,张革,,同上,,
194,无锡市第三人民医院,三甲,无锡市,医院官网,http://www.wuxihospital.com/wszb/zbxx.htm,张革,370,1,,
195,无锡市妇幼保健院,三甲,无锡市,医院官网,http://www.wxfuyou.com/wszb/index.html,张革,982,1,,
196,无锡市中医院,三甲,无锡市,医院官网,http://www.wxtcm.com/wszb/,张革,898,1,,
197,无锡市精神卫生中心,三甲,无锡市,医院官网,http://www.wuximhc.com/news.asp?fid=8&cid=19,张革,875,1,,
198,无锡市中西医结合医院,三甲,无锡市,无,,张革,,,,
199,江阴市人民医院,三乙,无锡市,江阴市人民政府,https://www.wuxi.gov.cn/search/index.html?siteId=4&siteName=%E6%B1%9F%E9%98%B4%E5%B8%82%E4%BA%BA%E6%B0%91%E6%94%BF%E5%BA%9C&kind=5&keyword=%E6%B1%9F%E9%98%B4%E5%B8%82%E4%BA%BA%E6%B0%91%E5%8C%BB%E9%99%A2,张革,,,,
200,无锡市第四人民医院,三乙,无锡市,医院官网,http://www.wuxihospital.com/wszb/zbxx.htm,张革,,同194,,
201,江阴市第二人民医院,三乙,无锡市,无,,张革,,,,
202,无锡市第五人民医院,二甲,无锡市,医院官网,https://www.wuxi5h.com/zhaobiao/zbxxindex/index/tid/1,张革,688,1,,
203,无锡市老年病医院,二甲,无锡市,无,,张革,,,,
204,江阴市中医院,二甲,无锡市,医院官网,https://www.jyzyy.com.cn/f/menu/1333644439995957248,张革,53,1,,
205,宜兴市人民医院,二甲,无锡市,医院官网,http://www.yxph.com/default.php?mod=article&fid=2297,张革,588,1,,
206,无锡市传染病医院,二甲,无锡市,医院官网,https://www.wuxi5h.com/zhaobiao/zbxxindex/index/tid/1,张革,608,1,,
207,宜兴市第二人民医院,二甲,无锡市,医院官网,http://www.yxsph.com/gg.html,张革,19,1,,
208,无锡市惠山区人民医院,二甲,无锡市,江苏政府采购网,http://www.ccgp-jiangsu.gov.cn/pss/jsp/search.jsp?kw=吴江市桃源镇铜罗卫生院&qt=0&plm=&sd=1529251200000&ed=1655568000000&validateCode=pnmv&page=1,张革,,,,
209,无锡市滨湖区人民医院,二甲,无锡市,无,,张革,,,,
210,无锡太湖中医医院,二甲,无锡市,江苏政府采购网,http://www.ccgp-jiangsu.gov.cn/pss/jsp/search.jsp?kw=吴江市桃源镇铜罗卫生院&qt=0&plm=&sd=1529251200000&ed=1655568000000&validateCode=pnmv&page=1,张革,,,,
211,锡山人民医院,二甲,无锡市,医院官网,http://www.wxxsh.net/yuanwugongkai/CaiGouQiaoBiao/Index.html,张革,429,1,,
212,无锡市锡山区人民医院,二甲,无锡市,同上,,张革,,,,
213,无锡市第六人民医院,二甲,无锡市,无锡市人民政府网,https://www.wuxi.gov.cn/search/index.html?siteId=7&siteName=%E6%97%A0%E9%94%A1%E5%B8%82%E9%87%87%E8%B4%AD%E7%BD%91&keyword=%E6%97%A0%E9%94%A1%E5%B8%82%E7%AC%AC%E5%85%AD%E4%BA%BA%E6%B0%91%E5%8C%BB%E9%99%A2,张革,,,,
214,武警八六九Ｏ医院,二甲,无锡市,无,,张革,,,,
215,无锡市手外科医院,二甲,无锡市,医院官网,http://www.wuxi9h.com/zbxxjy/,张革,102,1,,
216,解放军515（远望）医院,二甲,无锡市,无,,张革,,,,
217,中国人民解放军第一Ｏ一医院,二甲,无锡市,无,,张革,,,,
218,无锡市北塘区人民医院,二甲,无锡市,无,,张革,,,,
219,无锡市第五人民医院无锡市胸科医院,二甲,无锡市,无锡市人民政府网,https://www.wuxi.gov.cn/search/index.html?siteId=7&siteName=%E6%97%A0%E9%94%A1%E5%B8%82%E9%87%87%E8%B4%AD%E7%BD%91&keyword=%E6%97%A0%E9%94%A1%E5%B8%82%E7%AC%AC%E4%BA%94%E4%BA%BA%E6%B0%91%E5%8C%BB%E9%99%A2,张革,,,,
220,宜兴市中医院,二甲,无锡市,江苏政府采购网,http://www.ccgp-jiangsu.gov.cn/pss/jsp/search.jsp?kw=吴江市桃源镇铜罗卫生院&qt=0&plm=&sd=1529251200000&ed=1655568000000&validateCode=pnmv&page=1,张革,,,,
221,无锡市新区医院,二甲,无锡市,无,,张革,,,,
222,无锡太湖国家旅游度假区迎晖社区卫生服务站,二甲,无锡市,无,,张革,,,,
223,无锡市慈善医院,二甲,无锡市,无,,张革,,,,
224,无锡市南长人民医院无锡市老年病医院,二甲,无锡市,无,,张革,,,,
225,无锡市南长人医院,二甲,无锡市,无,,张革,,,,
226,无锡市第七人民医院无锡市精神卫生中心,二甲,无锡市,医院官网,http://www.wuximhc.com/news.asp?fid=8&cid=19,张革,,同197,,
227,无锡市崇安区人民医院无锡市慈善医院,二甲,无锡市,无,,张革,,,,
228,无锡市崇安人民医院,二甲,无锡市,无,,张革,,,,
229,无锡市滨湖区河埒街道社区卫生服务中心,二甲,无锡市,无,,张革,,,,
230,宜兴市太华卫生院,二甲,无锡市,江苏政府采购网,http://www.ccgp-jiangsu.gov.cn/pss/jsp/search.jsp?kw=吴江市桃源镇铜罗卫生院&qt=0&plm=&sd=1529251200000&ed=1655568000000&validateCode=pnmv&page=1,张革,,,,
231,无锡市南站医院无锡肾病治疗中心,二甲,无锡市,无,,张革,,,,
232,无锡市三院医疗集团黄巷医院,二甲,无锡市,无,,张革,,,,
233,江阴市第三人民医院,二甲,无锡市,江苏政府采购网,http://www.ccgp-jiangsu.gov.cn/pss/jsp/search.jsp?kw=吴江市桃源镇铜罗卫生院&qt=0&plm=&sd=1529251200000&ed=1655568000000&validateCode=pnmv&page=1,张革,,,,
234,无锡市商业医院,二甲,无锡市,无,,张革,,,,
235,宜兴市官林医院,二甲,无锡市,无锡市人民政府网,https://www.wuxi.gov.cn/search/index.html?siteId=2&siteName=%E5%AE%9C%E5%85%B4%E5%B8%82%E4%BA%BA%E6%B0%91%E6%94%BF%E5%BA%9C&kind=5&keyword=%E5%AE%9C%E5%85%B4%E5%B8%82%E5%AE%98%E6%9E%97%E5%8C%BB%E9%99%A2,张革,,,,
236,宜兴市和桥医院,二甲,无锡市,医院官网,http://www.yxshqyy.com/yiyuandongtai/,张革,34,1,,
237,无锡市惠山区阳山人民医院,二甲,无锡市,无,,张革,,,,
238,无锡市东方肛肠医院,二甲,无锡市,无,,张革,,,,
239,宜兴市杨巷医院,二甲,无锡市,无,,张革,,,,
240,无锡市三院医疗集团黄巷医院无锡市太湖肿瘤医院,二甲,无锡市,无,,张革,,,,
241,锡山区张泾人民医院,二甲,无锡市,无,,张革,,,,
242,无锡市南站医院,二甲,无锡市,无,,张革,,,,
243,宜兴市张渚人民医院,二甲,无锡市,无,,张革,,,,
244,宜兴市周铁医院,二甲,无锡市,无,,张革,,,,
245,无锡市滨湖区中医院,二甲,无锡市,无锡市人民政府网,https://www.wuxi.gov.cn/search/index.html?siteId=7&siteName=%E6%97%A0%E9%94%A1%E5%B8%82%E9%87%87%E8%B4%AD%E7%BD%91&keyword=%E6%97%A0%E9%94%A1%E5%B8%82%E6%BB%A8%E6%B9%96%E5%8C%BA%E4%B8%AD%E5%8C%BB%E9%99%A2,张革,,,,
246,无锡市滨湖区荣巷医院,二甲,无锡市,无,,张革,,,,
247,滨湖区中医院,二甲,无锡市,同246,,张革,,,,
248,江阴市华士中心卫生院,二甲,无锡市,无,,张革,,,,
249,无锡天一医院,二甲,无锡市,无,,张革,,,,
250,锡山区精神病防治医院,二甲,无锡市,无,,张革,,,,
251,宜兴市第四人民医院,二甲,无锡市,无,,张革,,,,
252,锡山区传染病防治院,二甲,无锡市,无,,张革,,,,
253,宜兴市高塍卫生院,一乙,无锡市,无,,张革,,,,
254,宜兴市洋溪卫生院,一乙,无锡市,无,,张革,,,,
255,宜兴市闸口卫生院,一乙,无锡市,无,,张革,,,,
256,宜兴市新建卫生院,一乙,无锡市,无,,张革,,,,
257,中国人民解放军第八二医院,三甲,淮安市,无,,张革,,,,
258,淮安市第二人民医院,三乙,淮安市,医院官网,https://www.rcstar.com/hospital/zbgs/,张革,132,1,,
259,淮安市第三人民医院,三乙,淮安市,无,,张革,,,,
260,淮安市第一人民医院,三乙,淮安市,医院官网,https://www.hasyy.cn/content?menuId=38,张革,1101,1,,
261,中国人民解放军第八十二医院,三乙,淮安市,无,,张革,,,,
262,淮安市楚州医院,二甲,淮安市,医院官网,http://www.czyy120.cn/a/gongshigonggao/shebeigonggao/index.html,张革,14,1,网站挂了,
263,涟水县人民医院,二甲,淮安市,医院官网,http://lsrmyy.com.cn/ywgk/ywgk.aspx,张革,130,1,,
264,盱眙县人民医院,二甲,淮安市,医院官网,http://www.xuyiph.com/Announce.asp,张革,767,1,,
265,淮安市中医院,二甲,淮安市,医院官网,http://www.hazyy.com/ywgk/bygg/,王章全,,,,
266,淮安市第四人民医院,二甲,淮安市,淮安市公共资源交易中心,http://ggzy.huaian.gov.cn/EpointWeb/jyxx/003006/,王京岭,,,,
267,淮安市妇幼保健院,二甲,淮安市,医院官网,http://www.hasfy.cn/ywgk/ywgk.aspx?mtt=12,王章全,,,,
268,盱眙县中医院,二甲,淮安市,医院官网,http://www.xuyiph.com/Announce.asp,王章全,,,,
269,洪泽县人民医院,二甲,淮安市,医院官网,http://www.hzqrmyy.cn/news/news2/,王章全,,,,
270,淮阴区棉花社区卫生服务中心,二甲,淮安市,无,,王京岭,,,,
271,金湖县中医院,二甲,淮安市,无,,王京岭,,,,
272,洪泽县中医院,二甲,淮安市,无,,王京岭,,,,
273,淮安市中西医结合医院,二甲,淮安市,无,,王京岭,,,,
274,江苏省楚州区医院,二甲,淮安市,无,,王京岭,,,,
275,金湖县人民医院,二甲,淮安市,医院官网,http://www.jhxrmyy.com/list.asp?classid=53,王章全,,,,
276,淮安仁爱医院,二甲,淮安市,无,,王京岭,,,,
277,江苏省淮安市涟水县人民医院,二甲,淮安市,无,,王京岭,,,,
278,淮安市中医院淮安市糖尿病医院,二甲,淮安市,同273,,王京岭,,,,
279,江苏省盱眙县人民医院,二甲,淮安市,医院官网,http://www.xuyiph.com/Announce.asp,王章全,,,,
280,淮安市楚州医院淮安市肿瘤医院,二甲,淮安市,无,,王京岭,,,,
281,涟水县中医院,二乙,淮安市,淮安市公共资源交易中心,http://ggzy.huaian.gov.cn/EpointWeb/jyxx/003006/,王京岭,,,,
282,淮安市淮阴医院,二乙,淮安市,淮安市公共资源交易中心,http://ggzy.huaian.gov.cn/EpointWeb/jyxx/003006/,王京岭,,,,
283,盱眙县楚东医院,二乙,淮安市,无,,王京岭,,,,
284,淮安市楚州区皮肤病防治院,二乙,淮安市,无,,王京岭,,,,
285,淮安市清河医院,二乙,淮安市,无,,王京岭,,,,
286,淮安市楚州中医院,二乙,淮安市,医院官网,http://www.jsshasczzyy.cn/news/news_tzgg.uhtml,王章全,,,,
287,淮阴区人民医院,二乙,淮安市,无,,王京岭,,,,
288,淮安楚州区仁济医院,二乙,淮安市,无,,王京岭,,,,
289,涟水县第二人民医院,二乙,淮安市,淮安市公共资源交易中心,http://ggzy.huaian.gov.cn/EpointWeb/jyxx/003006/,王京岭,,,,
290,涟水县中医医院,二乙,淮安市,无,,王京岭,,,,
291,金湖县妇幼保健所,一甲,淮安市,必联网,https://ss.ebnew.com/tradingSearch/index.htm?searhType=1&key=%E9%87%91%E6%B9%96%E5%8E%BF%E5%A6%87%E5%B9%BC%E4%BF%9D%E5%81%A5%E6%89%80,王京岭,,,,
292,盱眙县第四人民医院,一甲,淮安市,无,,王京岭,,,,
293,江苏省白马湖农场卫生院,一甲,淮安市,无,,王京岭,,,,
294,涟水县五港中心卫生院,一甲,淮安市,无,,王京岭,,,,
295,江苏天明化工有限公司卫生院,一甲,淮安市,无,,王京岭,,,,
296,洪泽县妇幼保健院,一甲,淮安市,无,,王京岭,,,,
297,淮安市楚州区南马厂乡卫生院,一甲,淮安市,无,,王京岭,,,,
298,淮安市博里卫生院,一甲,淮安市,无,,王京岭,,,,
299,淮安市楚州区淮城医院,一甲,淮安市,无,,王京岭,,,,
300,楚州区钦工卫生院,一甲,淮安市,无,,王京岭,,,,
301,淮安市楚州区顺河人民卫生院,一甲,淮安市,无,,王京岭,,,,
302,楚州区三堡卫生院,一甲,淮安市,无,,王京岭,,,,
303,涟水县唐集中心卫生院,一甲,淮安市,无,,王京岭,,,,
304,涟水县黄营乡卫生院,一甲,淮安市,无,,王京岭,,,,
305,洪泽县共和镇卫生院,一甲,淮安市,无,,王京岭,,,,
306,淮安市楚州区泾口镇卫生院,一甲,淮安市,无,,王京岭,,,,
307,江苏楚州区城东卫生院,一甲,淮安市,无,,王京岭,,,,
308,洪泽县西顺河镇卫生院,一甲,淮安市,无,,王京岭,,,,
309,淮安市楚州区溪河镇卫生院,一甲,淮安市,无,,王京岭,,,,
310,楚州区施河卫生院,一甲,淮安市,无,,王京岭,,,,
311,淮安市楚州区宋集卫生院桥头分院,一甲,淮安市,无,,王京岭,,,,
312,盱眙县妇幼保健院,一甲,淮安市,淮安市公共资源交易平台,http://ggzy.huaian.gov.cn/EpointWeb/xyfzx/041004/,王京岭,,,,
313,盱眙桂五中心卫生院,一甲,淮安市,淮安市政府采购网,http://zfcgzx.huaian.gov.cn/zbcg/cggg/list.html,王京岭,,,,
314,盱眙县兴隆乡卫生院,一甲,淮安市,无,,王京岭,,,,
315,洪泽县岔河镇中心卫生院,一甲,淮安市,无,,王京岭,,,,
316,洪泽县妇幼保健所,一甲,淮安市,无,,王京岭,,,,
317,洪泽县高涧镇卫生院,一甲,淮安市,无,,王京岭,,,,
318,洪泽县黄集镇娄赵村卫生院,一甲,淮安市,无,,王京岭,,,,
319,盱眙县第二人民医院,一甲,淮安市,江苏省公共资源交易中心,http://jsggzy.jszwfw.gov.cn/search/fullsearch.html?wd=%E5%A4%AA%E4%BB%93%E5%B8%82%E5%8F%8C%E5%87%A4%E5%8D%AB%E7%94%9F%E9%99%A2,王京岭,,,,
320,洪泽县万集镇卫生院,一甲,淮安市,无,,王京岭,,,,
321,盱眙县宫滩镇卫生院,一甲,淮安市,无,,王京岭,,,,
322,淮安市楚州区南闸镇卫生院,一甲,淮安市,无,,王京岭,,,,
323,淮阴区渔沟中心卫生院,一甲,淮安市,淮安市政府采购网,http://zfcgzx.huaian.gov.cn/search.html?layer=0152&keyword=%E6%B7%AE%E9%98%B4%E5%8C%BA%E6%B8%94%E6%B2%9F%E4%B8%AD%E5%BF%83%E5%8D%AB%E7%94%9F%E9%99%A2,王京岭,,,,
324,淮安市楚州区范集卫生院,一甲,淮安市,无,,王京岭,,,,
325,淮安市楚州区上河镇卫生院,一甲,淮安市,无,,王京岭,,,,
326,淮安市楚州区仇桥乡卫生院,一甲,淮安市,无,,王京岭,,,,
327,淮安市楚州区林集中心卫生院,一甲,淮安市,无,,王京岭,,,,
328,涟水县梁岔中心卫生院,一甲,淮安市,无,,王京岭,,,,
329,江苏省金湖县涂沟镇卫生院,一甲,淮安市,无,,王京岭,,,,
330,盱眙县盱城镇卫生院,一甲,淮安市,无,,王京岭,,,,
331,淮安市楚州区茭陵卫生院,一甲,淮安市,无,,王京岭,,,,
332,塔集中心卫生院,一甲,淮安市,江苏省公共资源交易中心,http://jsggzy.jszwfw.gov.cn/search/fullsearch.html?wd=%E5%A4%AA%E4%BB%93%E5%B8%82%E5%8F%8C%E5%87%A4%E5%8D%AB%E7%94%9F%E9%99%A2,王京岭,,,,
333,楚州区朱桥卫生院,一甲,淮安市,无,,王京岭,,,,
334,盱眙县盱城镇十里营卫生院,一甲,淮安市,无,,王京岭,,,,
335,淮安市楚州区流均人民卫生院,一甲,淮安市,无,,王京岭,,,,
336,楚州区席桥卫生院,一甲,淮安市,无,,王京岭,,,,
337,淮安市楚州区马甸镇人民卫生院,一甲,淮安市,无,,王京岭,,,,
338,淮安市楚州区复兴镇卫生院,一甲,淮安市,无,,王京岭,,,,
339,洪泽县朱坝镇卫生院,一甲,淮安市,无,,王京岭,,,,
340,江苏省涟水县大东镇卫生院,一甲,淮安市,无,,王京岭,,,,
341,楚州区平桥镇人民医院,一甲,淮安市,无,,王京岭,,,,
342,江苏省淮安市楚州区建淮乡卫生院,一甲,淮安市,无,,王京岭,,,,
343,楚州区供电局医务室,一甲,淮安市,无,,王京岭,,,,
344,楚州区妇幼保健院,一甲,淮安市,无,,王京岭,,,,
345,淮安市楚州区苏嘴中心卫生院,一甲,淮安市,无,,王京岭,,,,
346,洪泽县仁和镇卫生院,一甲,淮安市,无,,王京岭,,,,
347,淮安市洪泽县老子山镇卫生院,一甲,淮安市,无,,王京岭,,,,
348,盱眙县第三人民医院,一甲,淮安市,无,,王京岭,,,,
349,淮安市徐扬乡卫生院,一甲,淮安市,无,,王京岭,,,,
350,涟水县第三人民医院,一甲,淮安市,淮安市政府采购网,http://zfcgzx.huaian.gov.cn/search.html?layer=0152&keyword=%E6%B6%9F%E6%B0%B4%E5%8E%BF%E7%AC%AC%E4%B8%89%E4%BA%BA%E6%B0%91%E5%8C%BB%E9%99%A2,王京岭,,,,
351,涟水县北集卫生院,一甲,淮安市,江苏省公共资源交易中心,http://jsggzy.jszwfw.gov.cn/search/fullsearch.html?wd=%E5%A4%AA%E4%BB%93%E5%B8%82%E5%8F%8C%E5%87%A4%E5%8D%AB%E7%94%9F%E9%99%A2,王京岭,,,,
352,金湖县吕良中心卫生院,一甲,淮安市,江苏省公共资源交易中心,http://jsggzy.jszwfw.gov.cn/search/fullsearch.html?wd=%E5%A4%AA%E4%BB%93%E5%B8%82%E5%8F%8C%E5%87%A4%E5%8D%AB%E7%94%9F%E9%99%A2,王京岭,,,,
353,洪泽县三河镇卫生院,一甲,淮安市,无,,王京岭,,,,
354,洪泽县东双沟镇中心卫生院,一甲,淮安市,无,,王京岭,,,,
355,淮安市楚州区车桥中心卫生院,一甲,淮安市,无,,王京岭,,,,
356,淮安市楚州区季桥镇卫生院,一甲,淮安市,无,,王京岭,,,,
357,金湖县闵桥镇卫生院,一乙,淮安市,无,,王京岭,,,,
358,金湖县陈桥镇卫生院,一乙,淮安市,无,,王京岭,,,,
359,盱眙县王店乡卫生院,一乙,淮安市,无,,王京岭,,,,
360,盱眙县仇集卫生院,一乙,淮安市,淮安市公共资源交易中心,http://ggzy.huaian.gov.cn/EpointWeb/showinfo/searchresult.aspx?EptrContent=%u76F1%u7719%u53BF%u4EC7%u96C6%u536B%u751F%u9662,王京岭,,,,
361,金湖县宝应湖农场医院,一乙,淮安市,无,,王京岭,,,,
362,盱眙县中西医结合医院,一乙,淮安市,江苏省公共资源交易中心,http://jsggzy.jszwfw.gov.cn/search/fullsearch.html?wd=%E5%A4%AA%E4%BB%93%E5%B8%82%E5%8F%8C%E5%87%A4%E5%8D%AB%E7%94%9F%E9%99%A2,王京岭,,,,
363,盱眙县穆店乡卫生院,一乙,淮安市,淮安市公共资源交易中心,http://ggzy.huaian.gov.cn/EpointWeb/showinfo/searchresult.aspx?EptrContent=%u76F1%u7719%u53BF%u7A46%u5E97%u4E61%u536B%u751F%u9662,王京岭,,,,
364,淮安市新安医院,一乙,淮安市,淮安市政府采购网,http://zfcgzx.huaian.gov.cn/search.html?layer=0152&keyword=%E6%B7%AE%E5%AE%89%E5%B8%82%E6%96%B0%E5%AE%89%E5%8C%BB%E9%99%A2,王京岭,,,,
365,金湖县金南卫生院,一乙,淮安市,江苏省公共资源交易中心,http://jsggzy.jszwfw.gov.cn/search/fullsearch.html?wd=%E5%A4%AA%E4%BB%93%E5%B8%82%E5%8F%8C%E5%87%A4%E5%8D%AB%E7%94%9F%E9%99%A2,王京岭,,,,
366,洪泽县蒋坝镇卫生院,一乙,淮安市,无,,王京岭,,,,
367,江苏省涟水县前进镇卫生院,一乙,淮安市,无,,王京岭,,,,
368,涟水县陈师卫生院,一乙,淮安市,无,,王京岭,,,,
369,涟水县南禄卫生院,一乙,淮安市,江苏省公共资源交易中心,http://jsggzy.jszwfw.gov.cn/search/fullsearch.html?wd=%E5%A4%AA%E4%BB%93%E5%B8%82%E5%8F%8C%E5%87%A4%E5%8D%AB%E7%94%9F%E9%99%A2,王京岭,,,,
370,盱眙县古桑乡卫生院,一乙,淮安市,无,,王京岭,,,,
371,涟水县河网卫生院,一乙,淮安市,江苏省公共资源交易中心,http://jsggzy.jszwfw.gov.cn/search/fullsearch.html?wd=%E5%A4%AA%E4%BB%93%E5%B8%82%E5%8F%8C%E5%87%A4%E5%8D%AB%E7%94%9F%E9%99%A2,王京岭,,,,
372,涟水县高沟镇卫生院,一乙,淮安市,无,,王京岭,,,,
373,涟水县灰墩卫生院,一乙,淮安市,江苏省公共资源交易中心,http://jsggzy.jszwfw.gov.cn/search/fullsearch.html?wd=%E5%A4%AA%E4%BB%93%E5%B8%82%E5%8F%8C%E5%87%A4%E5%8D%AB%E7%94%9F%E9%99%A2,王京岭,,,,
374,盱眙县鲍集镇鲍集卫生院,一乙,淮安市,淮安市公共资源交易中心,http://ggzy.huaian.gov.cn/EpointWeb/showinfo/searchresult.aspx?EptrContent=%u76F1%u7719%u53BF%u9C8D%u96C6%u9547%u9C8D%u96C6%u536B%u751F%u9662,王京岭,,,,
375,涟水县浅集卫生院,一乙,淮安市,江苏省公共资源交易中心,http://jsggzy.jszwfw.gov.cn/search/fullsearch.html?wd=%E5%A4%AA%E4%BB%93%E5%B8%82%E5%8F%8C%E5%87%A4%E5%8D%AB%E7%94%9F%E9%99%A2,王京岭,,,,
376,涟水县杨口卫生院,一乙,淮安市,淮安市政府采购网,http://zfcgzx.huaian.gov.cn/search.html?layer=0152&keyword=%E6%B6%9F%E6%B0%B4%E5%8E%BF%E6%9D%A8%E5%8F%A3%E5%8D%AB%E7%94%9F%E9%99%A2,王京岭,,,,
377,金湖县黎城镇卫生院,一乙,淮安市,无,,王京岭,,,,
378,盱眙县河桥镇河桥卫生院,一乙,淮安市,江苏省公共资源交易中心,http://jsggzy.jszwfw.gov.cn/search/fullsearch.html?wd=%E5%A4%AA%E4%BB%93%E5%B8%82%E5%8F%8C%E5%87%A4%E5%8D%AB%E7%94%9F%E9%99%A2,王京岭,,,,
379,涟水县岔庙镇卫生院,一乙,淮安市,江苏省公共资源交易中心,http://jsggzy.jszwfw.gov.cn/search/fullsearch.html?wd=%E5%A4%AA%E4%BB%93%E5%B8%82%E5%8F%8C%E5%87%A4%E5%8D%AB%E7%94%9F%E9%99%A2,王京岭,,,,
380,江苏省金湖县前锋镇卫生院,一乙,淮安市,无,,王京岭,,,,
381,涟水县牌坊卫生院,一乙,淮安市,江苏省公共资源交易中心,http://jsggzy.jszwfw.gov.cn/search/fullsearch.html?wd=%E5%A4%AA%E4%BB%93%E5%B8%82%E5%8F%8C%E5%87%A4%E5%8D%AB%E7%94%9F%E9%99%A2,王京岭,,,,
382,涟水县胡集卫生院,一乙,淮安市,无,,王京岭,,,,
383,涟水县余圩卫生院,一乙,淮安市,江苏省公共资源交易中心,http://jsggzy.jszwfw.gov.cn/search/fullsearch.html?wd=%E5%A4%AA%E4%BB%93%E5%B8%82%E5%8F%8C%E5%87%A4%E5%8D%AB%E7%94%9F%E9%99%A2,王京岭,,,,
384,江苏省金湖县戴楼乡卫生院,一乙,淮安市,无,,王京岭,,,,
385,盱眙县黄花塘镇卫生院,一乙,淮安市,江苏省公共资源交易中心,http://jsggzy.jszwfw.gov.cn/search/fullsearch.html?wd=%E5%A4%AA%E4%BB%93%E5%B8%82%E5%8F%8C%E5%87%A4%E5%8D%AB%E7%94%9F%E9%99%A2,王京岭,,,,
386,盱眙县维桥乡卫生院,一乙,淮安市,江苏省公共资源交易中心,http://jsggzy.jszwfw.gov.cn/search/fullsearch.html?wd=%E5%A4%AA%E4%BB%93%E5%B8%82%E5%8F%8C%E5%87%A4%E5%8D%AB%E7%94%9F%E9%99%A2,王京岭,,,,
387,盱眙县河桥镇洪山卫生院,一乙,淮安市,无,,王京岭,,,,
388,涟水县石湖镇卫生院,一乙,淮安市,江苏省公共资源交易中心,http://jsggzy.jszwfw.gov.cn/search/fullsearch.html?wd=%E5%A4%AA%E4%BB%93%E5%B8%82%E5%8F%8C%E5%87%A4%E5%8D%AB%E7%94%9F%E9%99%A2,王京岭,,,,
389,涟水县义兴镇卫生院,一乙,淮安市,江苏省公共资源交易中心,http://jsggzy.jszwfw.gov.cn/search/fullsearch.html?wd=%E5%A4%AA%E4%BB%93%E5%B8%82%E5%8F%8C%E5%87%A4%E5%8D%AB%E7%94%9F%E9%99%A2,王京岭,,,,
390,涟水县麻垛卫生院,一乙,淮安市,无,,王京岭,,,,
391,涟水县红窑镇卫生院,一乙,淮安市,无,,王京岭,,,,
392,涟水县南集镇卫生院,一乙,淮安市,无,,王京岭,,,,
393,金湖县金北镇卫生院,一乙,淮安市,无,,王京岭,,,,
394,盱眙县铁佛镇卫生院,一乙,淮安市,无,,王京岭,,,,
395,涟水县徐集乡卫生院,一乙,淮安市,无,,王京岭,,,,
396,涟水县成集卫生院,一乙,淮安市,无,,王京岭,,,,
397,涟水县蒋庵卫生院,一乙,淮安市,江苏省公共资源交易中心,http://jsggzy.jszwfw.gov.cn/search/fullsearch.html?wd=%E5%A4%AA%E4%BB%93%E5%B8%82%E5%8F%8C%E5%87%A4%E5%8D%AB%E7%94%9F%E9%99%A2,王京岭,,,,
398,江苏省银集镇卫生院,一乙,淮安市,无,,王京岭,,,,
399,江苏淮化集团永峰有限公司卫生所,一乙,淮安市,无,,王京岭,,,,
400,涟水县时码卫生院,一乙,淮安市,无,,王京岭,,,,
401,涟水县朱码卫生院,一乙,淮安市,无,,王京岭,,,,
402,涟水县五港镇中心卫生院,一乙,淮安市,无,,王京岭,,,,
403,盱眙县明祖陵镇卫生院,一乙,淮安市,江苏省公共资源交易中心,http://jsggzy.jszwfw.gov.cn/search/fullsearch.html?wd=%E5%A4%AA%E4%BB%93%E5%B8%82%E5%8F%8C%E5%87%A4%E5%8D%AB%E7%94%9F%E9%99%A2,王京岭,,,,
404,涟水县保滩镇卫生院,一乙,淮安市,淮安市公共资源交易中心,http://ggzy.huaian.gov.cn/EpointWeb/showinfo/searchresult.aspx?EptrContent=%u6D9F%u6C34%u53BF%u4FDD%u6EE9%u9547%u536B%u751F%u9662,王京岭,,,,
405,淮安市清河区梅平内儿诊所,一丙,淮安市,无,,王京岭,,,,
406,淮阴区码头卫生院,一丙,淮安市,淮安市政府采购网,http://zfcgzx.huaian.gov.cn/search.html?layer=0152&keyword=%E6%B7%AE%E9%98%B4%E5%8C%BA%E7%A0%81%E5%A4%B4%E5%8D%AB%E7%94%9F%E9%99%A2,王京岭,,,,
407,淮安市清浦区人民医院,一丙,淮安市,无,,王京岭,,,,
408,淮安市清河区人民医院,一丙,淮安市,无,,王京岭,,,,
409,淮安市公交公司医务室,一丙,淮安市,无,,王京岭,,,,
410,淮阴区西宋集卫生院,一丙,淮安市,淮安市公共资源交易中心,http://ggzy.huaian.gov.cn/EpointWeb/showinfo/searchresult.aspx?EptrContent=%u6DEE%u9634%u533A%u897F%u5B8B%u96C6%u536B%u751F%u9662,王京岭,,,,
411,江苏省人民医院,三甲,南京市,医院官网,http://zhaobiao.jsph.org.cn/supplier/release/cgInfoList,王京岭,,1,,
412,南京市鼓楼医院,三甲,南京市,医院官网,https://www.njglyy.com/ywgk/ywgk.asp?ClassID=17,王京岭,,1,,
413,江苏省肿瘤医院,三甲,南京市,医院官网,https://www.jszlyy.com.cn/Major/news/index2/id/498/tid/354/fid/316,王京岭,,1,,
414,江苏省中医院,三甲,南京市,医院官网,http://www.jshtcm.com/list.php?fid=1191,王京岭,,1,http://www.jshtcm.com/list.php?fid=947,http://www.jshtcm.com/list.php?fid=997
415,南京鼓楼医院,三甲,南京市,医院官网,https://www.njglyy.com/ywgk/ywgk.asp?ClassID=17,王章全,,1,,
416,南京市中医院,三甲,南京市,医院官网,http://www.njszyy.cn/ywgc/ywgc1.aspx?mtt=SLTX9566,王章全,110,1,,
417,南京脑科医院,三甲,南京市,医院官网,http://www.c-nbh.com/ywgk/ywgk.asp?classid=2,王章全,,1,,
418,东南大学附属中大医院,三甲,南京市,医院官网,https://ztbxt.njzdyy.com:3345/sfw_cms/e?page=cms.index,王章全,,1,有反爬,
419,南京军区南京总医院,三甲,南京市,无,,王章全,,,,
420,南京市妇幼保健院,三甲,南京市,医院官网,http://www.njfybjy.com/ywgk/ywgklist.aspx?mtt=73&typename=%E6%8B%9B%E6%A0%87%E4%BF%A1%E6%81%AF&m=15,王章全,,1,,
421,江苏省第二中医院,三甲,南京市,医院官网,http://www.jssdezyy.com/index/notice/cid/24.html,王章全,438,1,,
422,南京市第一医院,三甲,南京市,南京公共采购信息网,https://njgc.jfh.com/search?sw=%E5%8D%97%E4%BA%AC%E5%B8%82%E7%AC%AC%E4%B8%80%E5%8C%BB%E9%99%A2,王章全,,,,
423,江苏省妇幼卫生保健中心,三甲,南京市,无,,王章全,,,,
424,江苏省中西医结合医院,三甲,南京市,南京公共采购信息网,https://njgc.jfh.com/search?sw=%E6%B1%9F%E8%8B%8F%E7%9C%81%E4%B8%AD%E8%A5%BF%E5%8C%BB%E7%BB%93%E5%90%88%E5%8C%BB%E9%99%A2,王章全,,,,
425,南京市儿童医院,三甲,南京市,南京公共采购信息网,https://njgc.jfh.com/search?sw=%E5%8D%97%E4%BA%AC%E5%B8%82%E5%84%BF%E7%AB%A5%E5%8C%BB%E9%99%A2,王章全,,,,
426,南京市脑科医院,三甲,南京市,医院官网,http://www.c-nbh.com/ywgk/ywgk.asp?classid=2,王章全,同417,,,
427,南京市第二医院,三甲,南京市,医院官网,http://www.njsech.net/news/news.aspx?mtt=39,王章全,82,1,,
428,南京医科大学附属脑科医院,三甲,南京市,同427,,王章全,,,,
429,江苏省口腔医院,三甲,南京市,医院官网,http://www.jsdental.cn/Notice/cate.html,王章全,1344,1,,
430,中国医学科学院皮肤病医院,三甲,南京市,医院官网,http://www.pumcderm.net/list/59.html,王章全,24,1,,
431,南京市胸科医院,三甲,南京市,医院官网,http://www.njxkyy.net/ztb/ztb.asp,王章全,50,1,,
432,中国人民解放军第四五四医院,三甲,南京市,无,,王章全,,,,
433,中国人民解放军第八十一医院,三甲,南京市,无,,王章全,,,,
434,第二军医大学长征医院南京分院,三甲,南京市,无,,王章全,,,,
435,南京市肿瘤医院,三甲,南京市,同428,,王章全,,,,
436,南京妇幼保健院,三甲,南京市,同420,,王章全,,,,
437,中国人民解放军第八一医院,三甲,南京市,无,,王章全,,,,
438,南京医科大学第二附属医院,三乙,南京市,医院官网,http://www.jsnydefy.com/index.php?c=category&id=238,王章全,,,,
439,南京市传染病医院,三乙,南京市,同428,,王章全,,,,
440,南京军区福州总医院第九五分院,三乙,南京市,无,,王章全,,,,
441,高淳县人民医院,二甲,南京市,医院官网,http://www.gcph.com.cn/channels/773.html,王章全,99,1,,
442,南京市中西医结合医院,二甲,南京市,医院官网,http://www.zxyyy.com/ywgk/zbgg.aspx,王章全,,,有反爬,
443,南京市六合区人民医院,二甲,南京市,医院官网,http://www.lhry.cn/news/news.aspx?mtt=3,王章全,9,1,,
444,武警南京医院,二甲,南京市,无,,王章全,,,,
445,南京市中心医院,二甲,南京市,医院官网,http://www.njszxyy.com/tzgg/tzgg.aspx?mtt=42,王章全,12,1,,
446,中国石化集团南京化学工业有限公司职工医院,二甲,南京市,无,,王章全,,,,
447,南京市栖霞医院,二甲,南京市,无,,王章全,,,,
448,溧水县人民医院,二甲,南京市,医院官网,http://www.lsrmyy.com/caigouzhongxin/,王章全,,,,
449,南京梅山医院,二甲,南京市,医院官网,http://www.shmsyy.com/news/list.asp?ClassID=4,王章全,,,,
450,上海梅山冶金公司职工医院,二甲,南京市,无,,王章全,,,,
451,江苏省老年病医院,二甲,南京市,医院官网,http://www.jspoh.com/news/news.aspx?mtt=10,王章全,,,,
452,南京市建邺医院,二甲,南京市,无,,王章全,,,,
453,南京市青龙山精神病院,二甲,南京市,无,,王章全,,,,
454,南京市红十字会医院,二甲,南京市,无,,王章全,,,,
455,南京市鼓楼医院北院,二甲,南京市,无,,王章全,,,,
456,南京东瑞医院,二甲,南京市,无,,王章全,,,,
457,南京市江宁区第二人民医院,二甲,南京市,无,,王章全,,,,
458,扬子石油化工有限责任公司职工医院,二甲,南京市,无,,王章全,,,,
459,中国人民解放军四一四医院,二甲,南京市,无,,王章全,,,,
460,南京市栖霞区龙潭医院,二甲,南京市,无,,王章全,,,,
461,南京市白下区中医院,二甲,南京市,无,,王章全,,,,
462,南京市第三医院,二甲,南京市,无,,王章全,,,,
463,南京爱康医院,二甲,南京市,无,,王章全,,,,
464,中国人民武装警察部队江苏总队南京医院,二甲,南京市,无,,王章全,,,,
465,南京市中西医结合医院南京市钟山医院,二甲,南京市,无,,王章全,,,,
466,扬郭医院,二甲,南京市,无,,王章全,,,,
467,南京市玄武医院,二甲,南京市,无,,王章全,,,,
468,南京市江宁区人民医院,二甲,南京市,无,,王章全,,,,
469,南京扬子医院,二甲,南京市,无,,王章全,,,,
470,南京市建中中医院,二甲,南京市,无,,王章全,,,,
471,南京市第一医院分院,二甲,南京市,无,,王章全,,,,
472,栖霞市中医院,二甲,南京市,无,,王章全,,,,
473,南京市江宁区妇幼保健所,二甲,南京市,无,,王章全,,,,
474,南京市秦淮医院,二甲,南京市,无,,王章全,,,,
475,南京市秦淮中医院,二甲,南京市,无,,王章全,,,,
476,六合县人民医院,二甲,南京市,无,,王章全,,,,
477,江宁县中医医院,二甲,南京市,无,,王章全,,,,
478,南钢集团公司医院,二甲,南京市,无,,王章全,,,,
479,南京市浦口区中医院,二乙,南京市,,,王章全,,,,
480,南京和平医院,二乙,南京市,,,王章全,,,,
481,南京紫金医院,二乙,南京市,,,王章全,,,,
482,浦口区中心医院,二乙,南京市,,,王章全,,,,
483,南京市红十字医院,二乙,南京市,,,王章全,,,,
484,南京市大厂医院,二乙,南京市,,,王章全,,,,
485,南京市雨花医院,二乙,南京市,,,王章全,,,,
486,南京市第一医院分院南京市雨花医院,二乙,南京市,,,王章全,,,,
487,南京市栖霞区医院,二乙,南京市,,,王章全,,,,
488,白下区中医院,二乙,南京市,,,王章全,,,,
489,南京晨光集团有限责任公司晨光医院,二乙,南京市,,,王章全,,,,
490,南京市玄武区中医医院,二乙,南京市,,,王章全,,,,
491,南京东南眼科医院,二乙,南京市,,,王章全,,,,
492,南京市下关中医院,二乙,南京市,,,王章全,,,,
493,东南大学附属中大医院下关分院,二乙,南京市,,,王章全,,,,
494,南京市浦口医院,二乙,南京市,,,王章全,,,,
495,南京钢铁集团有限公司医院,二乙,南京市,,,王章全,,,,
496,南京市下关区中医医院,二乙,南京市,,,王章全,,,,
497,南京市雨花台区中医医院,二乙,南京市,,,王章全,,,,
498,南京市下关医院,二乙,南京市,,,王章全,,,,
499,金陵石油化工公司南京市炼油厂职工医院,二乙,南京市,,,王章全,,,,
500,南京铁路分局中心医院,二乙,南京市,,,王章全,,,,
501,南京市白下医院,二乙,南京市,,,王章全,,,,
502,南京浦镇车辆厂医院,二乙,南京市,,,王章全,,,,
503,南京市秦淮中医医院,二乙,南京市,,,王章全,,,,
504,南京港口医院,二乙,南京市,,,王章全,,,,
505,六合区大厂医院,二乙,南京市,,,王章全,,,,
506,六合区人民医院,二乙,南京市,,,王章全,,,,
507,南京康爱医院,二乙,南京市,,,王章全,,,,
508,六合区中医院,二乙,南京市,,,王章全,,,,
509,南京市大厂医院南京市大厂中西医结合医院,二乙,南京市,,,王章全,,,,
510,南京大学医院,一甲,南京市,,,王章全,,,,
511,上海梅山第二医院,一甲,南京市,,,王章全,,,,
512,南京林业大学校医院,一甲,南京市,,,王章全,,,,
513,南京市红花医院,一甲,南京市,,,王章全,,,,
514,南京江东医院,一甲,南京市,,,王章全,,,,
515,南京金陵老年病康复医院,一甲,南京市,,,王章全,,,,
516,南京市祖堂山精神病院,一甲,南京市,,,王章全,,,,
517,栖霞市妇幼保健院,一甲,南京市,,,王章全,,,,
518,南京市蓝旗医院,一甲,南京市,,,王章全,,,,
519,南京港江北医院,一甲,南京市,,,王章全,,,,
520,南京红十字老年康复医院,一丙,南京市,,,王章全,,,,
521,盐城市第一人民医院,三乙,盐城市,医院官网,http://www.ycsyy.com/html/859/,王章全,580,1,,
522,盐城市中医院,三乙,盐城市,医院官网,http://www.ycszyy.net/a/ywgk/zhaobiaocaigou/,王章全,,,,
523,盐城妇市幼保健院,三乙,盐城市,医院官网,http://www.ycfybj.com/html/1321/,王章全,501,1,,
524,盐城市红十字会医院,三丙,盐城市,无,,王章全,,,,
525,阜宁县人民医院,二甲,盐城市,,,王章全,,,,
526,响水县人民医院,二甲,盐城市,,,王章全,,,,
527,东台市人民医院,二甲,盐城市,,,王章全,,,,
528,射阳县人民医院,二甲,盐城市,,,王章全,,,,
529,盐城市第三人民医院,二甲,盐城市,,,王章全,,,,
530,盐城市第四人民医院,二甲,盐城市,,,王章全,,,,
531,大丰市人民医院,二甲,盐城市,,,王章全,,,,
532,滨海县中医院,二甲,盐城市,,,王章全,,,,
533,东台市中医院,二甲,盐城市,,,王章全,,,,
534,盐城慈航医院,二甲,盐城市,,,王章全,,,,
535,滨海县人民医院,二甲,盐城市,,,王章全,,,,
536,东南大学医学院附属盐城医院盐城市第三人民医院,二甲,盐城市,,,王章全,,,,
537,阜宁县中医院,二甲,盐城市,,,王章全,,,,
538,建湖县人民医院,二甲,盐城市,,,王章全,,,,
539,射阳县中医院,二甲,盐城市,,,王章全,,,,
540,建湖县建阳眼科医院,二甲,盐城市,,,王章全,,,,
541,江苏省农垦肿瘤医院,二甲,盐城市,,,王章全,,,,
542,盐城市第四人民医院盐城市精神病防治院,二甲,盐城市,,,王章全,,,,
543,江苏省东台市人民医院,二甲,盐城市,,,王章全,,,,
544,盐城东方女子医院,二乙,盐城市,无,,王章全,,,,
545,响水县中医院,二乙,盐城市,招财进宝电子投标平台,https://china.zcjb.com.cn/cms/search.htm?keyword=%E5%93%8D%E6%B0%B4%E5%8E%BF%E4%B8%AD%E5%8C%BB%E9%99%A2&channelIds=377%2C477%2C577%2C677%2C777%2C877%2C977%2C1077%2C1177%2C1277%2C1877%2C3177%2C378%2C478%2C578%2C678%2C878%2C978%2C1078%2C1178%2C1278%2C1878%2C3178%2C379%2C479%2C579%2C679%2C779%2C879%2C979%2C1079%2C1179%2C1279%2C1879%2C3179%2C380%2C480%2C580%2C680%2C780%2C880%2C980%2C1080%2C1180%2C1280%2C1880%2C3180%2C382%2C482%2C582%2C682%2C782%2C882%2C982%2C1082%2C1182%2C1272%2C1282%2C1882%2C3182%2C383%2C483%2C583%2C683%2C783%2C883%2C983%2C1083%2C1183%2C1283%2C1883%2C3183%2C384%2C484%2C584%2C684%2C784%2C884%2C984%2C1084%2C1184%2C1284%2C1884%2C3184%2C385%2C485%2C585%2C685%2C785%2C885%2C985%2C1085%2C1185%2C1285%2C1885%2C3185%2C395%2C495%2C595%2C695%2C795%2C895%2C995%2C1095%2C1195%2C1295%2C1895%2C3195%2C396%2C496%2C596%2C696%2C796%2C896%2C996%2C1096%2C1196%2C1296%2C1896%2C3196%2C1441%2C1442%2C1443%2C1447%2C1448%2C1449%2C1453%2C1454%2C1455%2C1444%2C1445%2C1446%2C1450%2C1451%2C1452%2C1456%2C1457%2C1458%2C420%2C421%2C422%2C423%2C424%2C425%2C720%2C721%2C722%2C723%2C724%2C725%2C1020%2C1021%2C1022%2C1023%2C1024%2C1025%2C1120%2C1121%2C1122%2C1123%2C1124%2C1125%2C1220%2C1221%2C1222%2C1223%2C1224%2C1125%2C1320%2C1321%2C1322%2C1323%2C1324%2C1325%2C428%2C429%2C430%2C431%2C432%2C728%2C729%2C730%2C731%2C732%2C1028%2C1029%2C1030%2C1031%2C1032%2C1128%2C1129%2C1130%2C1131%2C1132%2C1228%2C1229%2C1230%2C1231%2C1232%2C1327%2C1328%2C1329%2C1330%2C1331%2C1332%2C1282%2C1283%2C1284%2C1285%2C436%2C736%2C1136%2C1336%2C1711%2C1712%2C1713%2C1714%2C1715%2C1716%2C1717%2C1718%2C1719%2C1720%2C1721,王章全,,,,
546,建湖县第二人民医院,二乙,盐城市,医院官网,http://www.jhhosp.cn/col/col1165/index.html,王章全,,,,
547,盐城新东仁医院,二乙,盐城市,无,,王章全,,,,
548,江苏省银宝盐业有限公司医院,二乙,盐城市,无,,王章全,,,,
549,江苏省黄海农场医院,二乙,盐城市,无,,王章全,,,,
550,射阳县新洋农场医院,二乙,盐城市,无,,王章全,,,,
551,盐城盐阜医院,二乙,盐城市,无,,王章全,,,,
552,上海仁济医疗集团盐阜医院,二乙,盐城市,无,,王章全,,,,
553,盐城东方女子保健医院,二丙,盐城市,无,,王章全,,,,
554,盐城迎宾外科医院,二丙,盐城市,无,,王章全,,,,
555,滨海市中医院,二丙,盐城市,无,,王章全,,,,
556,东台市新曹农场医院,一甲,盐城市,,,王章全,,,,
557,滨海县虹济医院,一甲,盐城市,,,王章全,,,,
558,盐城大圣医院,一甲,盐城市,,,王章全,,,,
559,滨海县第二人民医院,一甲,盐城市,,,王章全,,,,
560,盐城普仁消化专科门诊部,一丙,盐城市,,,王章全,,,,
561,徐州医学院附属医院,三甲,徐州市,医院官网,http://www.jsxyfy.com/notice_tender/,王章全,3433,1,,
562,徐州医学院附属第三医院,三甲,徐州市,无,,王章全,,,,
563,徐州市中医院,三甲,徐州市,医院官网,https://www.xztcm.com/ywgklist.aspx?cid=107,王章全,23,1,,
564,徐州市儿童医院,三甲,徐州市,医院官网,https://www.xzetyy.cn/yygg.aspx,王章全,258,1,,
565,中国人民解放军第97医院,三甲,徐州市,无,,庾桂铭,,,,
566,徐州市中心医院,三甲,徐州市,医院官网,https://www.xzch.cn/class75.shtml,庾桂铭,88,1,,
567,中国人民解放军第九七医院,三甲,徐州市,无,,庾桂铭,,,,
568,徐州市第四人民医院,三乙,徐州市,无,,庾桂铭,,,,
569,徐州市第一人民医院,三乙,徐州市,医院官网,http://www.xzsdyyy.com/category/tongzhi/zhaobiao/,庾桂铭,26,1,,
570,徐州市东方人民医院,三乙,徐州市,医院官网,https://www.xzdfyy.com/yuanwu/caigou,庾桂铭,42,1,,
571,徐州市第三人民医院,二甲,徐州市,https://www.jianyu360.cn/article/content/ABCY1wEcCkFJyYsAlVzZGUgCjM%2FDSZgXGNkPC87LC4eWlJzXwVUCLQ%3D.html?kds=%E5%BE%90%E5%B7%9E%E5%B8%82%E7%AC%AC%E4%B8%89%E4%BA%BA%E6%B0%91%E5%8C%BB%E9%99%A2%2B%E5%BE%90%E5%B7%9E%E5%B8%82%2B%E7%AC%AC%E4%B8%89%E4%BA%BA%2B%E6%B0%91%E5%8C%BB%E9%99%A2&industry=%E4%BF%A1%E6%81%AF%E6%8A%80%E6%9C%AF,剑鱼标讯,庾桂铭,,,,
572,邳州市人民医院,二甲,徐州市,https://www.bidnews.cn/caigou/kw-%E9%82%B3%E5%B7%9E%E5%B8%82%E4%BA%BA%E6%B0%91%E5%8C%BB%E9%99%A2.html,全国招标信息网,庾桂铭,,,,
573,徐州市第六人民医院,二甲,徐州市,http://jsggzy.jszwfw.gov.cn/search/fullsearch.html?wd=%E5%BE%90%E5%B7%9E%E5%B8%82%E7%AC%AC%E5%85%AD%E4%BA%BA%E6%B0%91%E5%8C%BB%E9%99%A2,江苏省公共资源交易平台,庾桂铭,,,,
574,新沂市人民医院,二甲,徐州市,http://jsggzy.jszwfw.gov.cn/search/fullsearch.html?wd=%E6%96%B0%E6%B2%82%E5%B8%82%E4%BA%BA%E6%B0%91%E5%8C%BB%E9%99%A2,江苏省公共资源交易平台,庾桂铭,,,,
575,丰县人民医院,二甲,徐州市,http://www.fengxianph.com/article/s61/,医院官网,庾桂铭,460,1,,
576,徐州市第六人民医院铜山县人民医院,二甲,徐州市,无,,庾桂铭,,,,
577,徐州矿务集团第二医院,二甲,徐州市,http://jsggzy.jszwfw.gov.cn/search/fullsearch.html?wd=%E5%BE%90%E5%B7%9E%E7%9F%BF%E5%8A%A1%E9%9B%86%E5%9B%A2%E7%AC%AC%E4%BA%8C%E5%8C%BB%E9%99%A2,江苏省公共资源交易平台,庾桂铭,,,,
578,徐州丰县人民医院,二甲,徐州市,无,,庾桂铭,,,,
579,徐州市性医学医疗研究中心,二甲,徐州市,无,,庾桂铭,,,,
580,新沂市中医医院,二甲,徐州市,http://jsggzy.jszwfw.gov.cn/search/fullsearch.html?wd=%E6%96%B0%E6%B2%82%E5%B8%82%E4%B8%AD%E5%8C%BB%E5%8C%BB%E9%99%A2,江苏省公共资源交易平台,庾桂铭,,,,
581,睢宁县人民医院,二甲,徐州市,http://www.xzggzy.com.cn/search/fullsearch.html?wd=%E7%9D%A2%E5%AE%81%E5%8E%BF%E4%BA%BA%E6%B0%91%E5%8C%BB%E9%99%A2,徐州公共资源交易平台,庾桂铭,,,,
582,徐州市财贸职工医院,二甲,徐州市,http://jsggzy.jszwfw.gov.cn/search/fullsearch.html?wd=%E5%BE%90%E5%B7%9E%E5%B8%82%E8%B4%A2%E8%B4%B8%E8%81%8C%E5%B7%A5%E5%8C%BB%E9%99%A2,江苏省公共资源交易平台,庾桂铭,,,,
583,大屯煤电集团公司职工中心医院,二甲,徐州市,无,,庾桂铭,,,,
584,徐州矿务集团局二医院,二甲,徐州市,http://www.xkjtey.com/announcement.html?id=1,医院官网,王章全,,,,
585,徐州爱牙口腔医院,二甲,徐州市,无,,庾桂铭,,,,
586,徐州市电力医院,二甲,徐州市,无,,庾桂铭,,,,
587,沛县中医院,二甲,徐州市,http://www.pxzyy.com.cn/news.aspx?category_id=14&page=1,医院官网,庾桂铭,71,1,,
588,新沂市中医院,二甲,徐州市,http://ggzy.zwb.xz.gov.cn/search/fullsearch.html?wd=%E6%96%B0%E6%B2%82%E5%B8%82%E4%B8%AD%E5%8C%BB%E9%99%A2,江苏省公共资源交易平台,庾桂铭,,,,
589,大屯煤电（集团）有限责任公司职工中心医院,二甲,徐州市,无,,庾桂铭,,,,
590,沛县人民医院,二甲,徐州市,https://www.bidnews.cn/caigou/search.php?kw=%E6%B2%9B%E5%8E%BF%E4%BA%BA%E6%B0%91%E5%8C%BB%E9%99%A2,全国招标信息网,庾桂铭,,,,
591,徐州管道医院,二甲,徐州市,无,,庾桂铭,,,,
592,徐州电力医院,二甲,徐州市,无,,庾桂铭,,,,
593,铜山县人民医院,二甲,徐州市,无,,庾桂铭,,,,
594,徐州市矿务集团第一医院,二甲,徐州市,http://www.xkdyyy.com/newsList.aspx?id=2&a=4&page=1,医院官网,庾桂铭,440,1,,
595,徐州市矿山医院,二甲,徐州市,http://www.xzksyy.com/categories/caigou/,医院官网,庾桂铭,31,1,,
596,邳州市第二人民医院,二甲,徐州市,https://www.bidcenter.com.cn/newssearchyz-85296634.html,采招网,庾桂铭,,,,
597,徐州爱心医院,二甲,徐州市,全国招标信息网,https://www.bidnews.cn/caigou/search.php?fields=&kw=%E5%BE%90%E5%B7%9E%E6%B0%91%E6%94%BF%E5%8C%BB%E9%99%A2,庾桂铭,,,,
598,邳州市中医院,二甲,徐州市,全国招标信息网,https://www.bidnews.cn/caigou/search.php?fields=&kw=%E9%82%B3%E5%B7%9E%E5%B8%82%E4%B8%AD%E5%8C%BB%E9%99%A2,庾桂铭,,,,
599,徐州市云龙区人民医院,二甲,徐州市,无,,庾桂铭,,,,
600,徐州济仁中医肿瘤专科医院,二甲,徐州市,无,,庾桂铭,,,,
601,沛县华佗医院,二甲,徐州市,无,,庾桂铭,,,,
602,中国石化集团管道储运公司职工医院,二甲,徐州市,无,,庾桂铭,,,,
603,中国人民解放军83567部队医院,二甲,徐州市,无,,庾桂铭,,,,
604,徐州市口腔医院,二乙,徐州市,医院官网,https://www.xzkqyy.com/newsearch.aspx?keywords=%e6%8b%9b%e6%a0%87,庾桂铭,58,1,,
605,济南铁路局徐州铁路医院,二乙,徐州市,医院官网,http://www.xyfsy.com/search.php?kwtype=0&q=%E6%8B%9B%E6%A0%87,庾桂铭,74,1,,
606,徐州贾汪区人民医院,二乙,徐州市,医院官网,http://www.jwqrmyy.cn/?cat=10,庾桂铭,58,1,,
607,徐州市老年病医院,二乙,徐州市,全国招标信息网,https://www.bidnews.cn/caigou/search.php?fields=&kw=%E5%BE%90%E5%B7%9E%E5%B8%82%E5%BA%B7%E5%A4%8D%E5%8C%BB%E9%99%A2,庾桂铭,,,,
608,中煤第五建设公司职工医院,二乙,徐州市,医院官网,http://www.zmwjyy.com/search.aspx?keys=%e6%8b%9b%e6%a0%87,庾桂铭,2,1,,
609,徐州市彭城人民医院,二乙,徐州市,无,,庾桂铭,,,,
610,徐州市建筑工人医院,二乙,徐州市,无,,庾桂铭,,,,
611,徐州丰县中医院,二乙,徐州市,无,,庾桂铭,,,,
612,铜山县中医院,二乙,徐州市,中国电力招标网,https://www.dlzb.com/c-791375/,庾桂铭,,,,
613,徐州市传染病院,二乙,徐州市,医院官网,https://www.xzcr.com/category/tongzhi/zhaobiao/,庾桂铭,56,1,,
614,徐州市贾汪区人民医院,二乙,徐州市,无,,庾桂铭,,,,
615,徐州利国医院,二乙,徐州市,中国招标投标公共服务平台,http://bulletin.cebpubservice.com/resultBulletin/2018-06-05/289817.html,庾桂铭,,,,
616,徐州矿务集团有限公司庞庄煤矿医院,一甲,徐州市,无,,庾桂铭,,,,
617,徐州矿务集团总医院庞庄分院,一甲,徐州市,无,,庾桂铭,,,,
618,徐州市九里区九里医院,一甲,徐州市,无,,庾桂铭,,,,
619,铜山县第三人民医院,一甲,徐州市,无,,庾桂铭,,,,
620,邳州市第三人民医院,一甲,徐州市,无,,庾桂铭,,,,
621,邳州市传染病医院,一甲,徐州市,无,,庾桂铭,,,,
622,徐州矿务集团有限公司韩桥矿医院,一甲,徐州市,无,,庾桂铭,,,,
623,徐州市贾汪区第二人民医院,一甲,徐州市,无,,庾桂铭,,,,
624,邳州市职工医院,一甲,徐州市,无,,庾桂铭,,,,
625,徐州矿务集团有限公司夹河煤矿医院,一甲,徐州市,无,,庾桂铭,,,,
626,徐州市泉山区潘塘医院,一甲,徐州市,无,,庾桂铭,,,,
627,徐州市泉山区泉山医院,一甲,徐州市,无,,庾桂铭,,,,
628,徐州市鼓楼区朱庄医院,一乙,徐州市,无,,庾桂铭,,,,
629,铁道部第二工程局第二工程处医院,一乙,徐州市,无,,庾桂铭,,,,
630,徐州市广慈医院,一乙,徐州市,江苏省公共资源交易中心,http://jsggzy.jszwfw.gov.cn/search/fullsearch.html?wd=%E5%BE%90%E5%B7%9E%E5%B8%82%E5%B9%BF%E6%85%88%E5%8C%BB%E9%99%A2,庾桂铭,,,,
631,徐州南郊精神病院,一乙,徐州市,无,,庾桂铭,,,,
632,徐州市云龙区黄山医院,一乙,徐州市,无,,庾桂铭,,,,
633,徐州市金山桥医院,一乙,徐州市,无,,庾桂铭,,,,
634,宿迁市中医院,三甲,宿迁市,医院官网,http://www.sqszyy.com/yygg/,庾桂铭,373,1,,
635,宿迁市人民医院,三乙,宿迁市,无,,庾桂铭,,,,
636,泗洪县人民医院,二甲,宿迁市,医院官网,http://www.shxrmyy.com/news/notice/,庾桂铭,3,1,,
637,沭阳县人民医院,二甲,宿迁市,医院官网,http://www.shyyy.com/e/search/result/?searchid=119,庾桂铭,16,1,,
638,泗洪县中医院,二甲,宿迁市,无,,庾桂铭,,,,
639,宿迁市康宁医院,二甲,宿迁市,无,,庾桂铭,,,,
640,沭阳哮喘病医院,二甲,宿迁市,无,,庾桂铭,,,,
641,泗洪县洪泽湖监狱医院,二甲,宿迁市,无,,庾桂铭,,,,
642,宿迁市钟吾医院,二甲,宿迁市,全国招标信息网,https://www.bidnews.cn/caigou/search.php?fields=&kw=%E5%AE%BF%E8%BF%81%E5%B8%82%E9%92%9F%E5%90%BE%E5%8C%BB%E9%99%A2,庾桂铭,,,,
643,泗阳县中医院,二甲,宿迁市,医院官网,http://www.syxzhongyi.com/search_result.html?keyword=%25E6%258B%259B%25E6%25A0%2587#c_portalResGroupSearch_result-16004208788820836-1,庾桂铭,8,1,,
644,宿迁市神经精神病院,二甲,宿迁市,无,,庾桂铭,,,,
645,泗阳县人民医院,二乙,宿迁市,江苏省公共资源交易中心,http://jsggzy.jszwfw.gov.cn/search/fullsearch.html?wd=%E6%B3%97%E9%98%B3%E5%8E%BF%E4%BA%BA%E6%B0%91%E5%8C%BB%E9%99%A2,庾桂铭,,,,
646,宿迁市工人医院,二乙,宿迁市,无,,庾桂铭,,,,
647,泗阳县临河医院,一甲,宿迁市,无,,庾桂铭,,,,
648,宿豫县神经病医院,一甲,宿迁市,无,,庾桂铭,,,,
649,沭阳李恒医院,一丙,宿迁市,无,,庾桂铭,,,,
650,泰州市中医院,三甲,泰州市,医院官网,http://www.tzszyy.com/index.php?r=site/news-list&id=78,王章全,503,1,,
651,泰州市人民医院,三乙,泰州市,医院官网,http://www.jstzhospital.com/gwrk/tzgg1_1,王章全,,,,
652,兴化市人民医院,二甲,泰州市,医院官网,https://www.xhsrmyy.com/search/search.aspx?so=%E6%8B%9B%E6%A0%87,庾桂铭,只能爬取首页,1,,
653,兴化市第三人民医院,二甲,泰州市,泰州市政府采购网,http://czj.taizhou.gov.cn/module/sitesearch/index.jsp?columnid=0&webid=69&modalunitid=95103,庾桂铭,,,,
654,靖江市人民医院,二甲,泰州市,医院官网,http://www.jsjj120.com/plug/search.asp?key=%E6%8B%9B%E6%A0%87,庾桂铭,840,1,,
655,泰兴市人民医院,二甲,泰州市,医院官网,http://www.jstxry.com/zbgl/cggg.aspx,庾桂铭,只能爬取首页,1,,
656,泰州市第四人民医院,二甲,泰州市,医院官网,http://www.tzdsyy.com.cn/news/gonggao-53.html,庾桂铭,662,1,,
657,姜堰市人民医院,二甲,泰州市,医院官网,http://www.jyry.com/search/search.aspx?so=%E6%8B%9B%E6%A0%87,庾桂铭,只爬取首页,1,,
658,兴化市中医院,二甲,泰州市,招标与采购网,https://www.zbytb.com/zb/search.php?kw=%E5%85%B4%E5%8C%96%E5%B8%82%E4%B8%AD%E5%8C%BB%E9%99%A2,庾桂铭,,,,
659,靖江市中医院,二甲,泰州市,医院官网,http://www.jsjjzyy.com/list.asp?classid=107,庾桂铭,334,1,,
660,姜堰市中医院,二甲,泰州市,医院官网,http://www.tzsjyzyy.com/html/g51/index.html,庾桂铭,180,1,,
661,兴化市第二人民医院,二甲,泰州市,无,,庾桂铭,,,,
662,泰兴市第二人民医院,二甲,泰州市,无,,庾桂铭,,,,
663,泰兴市中医院,二甲,泰州市,医院官网,http://www.txszyy.com/xwzx/gsgg/,庾桂铭,部分无法爬取,1,,
664,泰州市口腔医院,二甲,泰州市,中国招标投标公共服务平台,http://ctbpsp.com/#/bulletinDetail?uuid=dcdd20d1-7ac9-47d3-bef9-ad9af8a547d9&inpvalue=%E6%B3%B0%E5%B7%9E%E5%B8%82%E5%8F%A3%E8%85%94%E5%8C%BB%E9%99%A2&dataSource=0,庾桂铭,,,,
665,泰州市妇幼保健院,一甲,泰州市,无,,庾桂铭,,,,
666,姜堰市俞垛镇卫生院,一甲,泰州市,无,,庾桂铭,,,,
667,靖江市红光镇红光卫生院,一甲,泰州市,无,,庾桂铭,,,,
668,靖江市侯河卫生院,一甲,泰州市,无,,庾桂铭,,,,
669,泰州裕泰纺织有限公司卫生所,一甲,泰州市,无,,庾桂铭,,,,
670,靖江市团结卫生院,一甲,泰州市,无,,庾桂铭,,,,
671,靖江市新桥镇新桥卫生院,一甲,泰州市,无,,庾桂铭,,,,
672,靖江市靖城镇越江卫生院,一甲,泰州市,无,,庾桂铭,,,,
673,靖江市第四人民医院,一甲,泰州市,无,,庾桂铭,,,,
674,姜堰市兴泰乡卫生院,一甲,泰州市,无,,庾桂铭,,,,
675,靖江市斜桥镇大觉卫生院,一甲,泰州市,无,,庾桂铭,,,,
676,兴化市董北农民疗养院,一甲,泰州市,无,,庾桂铭,,,,
677,姜堰市顾高人民医院,一甲,泰州市,无,,庾桂铭,,,,
678,靖江市八圩镇八圩卫生院,一甲,泰州市,无,,庾桂铭,,,,
679,泰州市九龙人民医院,一甲,泰州市,无,,庾桂铭,,,,
680,靖江市新桥镇太和中心卫生院,一甲,泰州市,无,,庾桂铭,,,,
681,泰州市高港区口岸船舶工业公司卫生所,一甲,泰州市,无,,庾桂铭,,,,
682,泰兴市肿瘤医院,一甲,泰州市,江苏省公共资源交易中心,http://jsggzy.jszwfw.gov.cn/search/fullsearch.html?wd=%E6%B3%B0%E5%85%B4%E5%B8%82%E8%82%BF%E7%98%A4%E5%8C%BB%E9%99%A2,庾桂铭,,,,
683,华东石油局试采大队卫生所,一甲,泰州市,无,,庾桂铭,,,,
684,泰州市高港区口岸船舶公司卫生所,一甲,泰州市,无,,庾桂铭,,,,
685,南通市中医院,三甲,南通市,医院官网,https://www.ntzyy.com/news/1/,庾桂铭,1005,1,,
686,南通市第一人民医院,三甲,南通市,医院官网,http://www.nt2191.com/news.html?cid=39,庾桂铭,662,1,,
687,南通医学院附属医院,三甲,南通市,无,,庾桂铭,,,,
688,南通大学附属医院,三甲,南通市,医院官网,http://www.ahnmc.com/news2.asp,庾桂铭,69,1,,
689,南通大学院附属医院,三甲,南通市,无,,庾桂铭,,,,
690,南通市肿瘤医院南院,三甲,南通市,医院官网,http://www.ntzlyy.cn/news/13/#c_portalResNews_list-1600322132153-1,庾桂铭,375,1,,
691,南通中医院,三甲,南通市,医院官网,同685,庾桂铭,,,,
692,南通市肿瘤医院北院,三甲,南通市,无,,庾桂铭,,,,
693,南通市肿瘤医院,三乙,南通市,无,,庾桂铭,,,,
694,南通市妇幼保健院,三乙,南通市,医院官网,https://www.ntfybj.com/public_ywgk1/,庾桂铭,647,1,,
695,海安县中医院,二甲,南通市,医院官网,http://www.jshazyy.com/companyfile/1/#c_companyFile_list-15471659095119008,庾桂铭,,,,
696,如皋市人民医院,二甲,南通市,医院官网,https://www.rgph.cn/news/4/,庾桂铭,,,,
697,启东市人民医院,二甲,南通市,医院官网,http://www.qdsrmyy.com/e/sch/index.php?keyboard=%E6%8B%9B%E6%A0%87&field=2&Submit22=%E6%90%9C%E7%B4%A2,庾桂铭,250,1,,
698,启东市中医院,二甲,南通市,医院官网,http://www.qdszyy.com/news/3/#c_portalResNews_list-15617777027937215,庾桂铭,536,1,,
699,南通市第二人民医院,二甲,南通市,医院官网,http://www.nt2y.com/index.php?m=search&c=index&a=init&typeid=0&siteid=1&search=%E6%90%9C%E7%B4%A2&q=%E6%8B%9B%E6%A0%87,庾桂铭,356,1,,
700,如皋市中医院,二甲,南通市,医院官网,http://www.rgzyy.com/ListNews.aspx?UrlOneClass=8,庾桂铭,,,,
701,如东县人民医院,二甲,南通市,医院官网,http://www.rdrmyy.cn/channels/28.html,庾桂铭,,,,
702,海安县人民医院,二甲,南通市,医院官网,https://www.harmyy.com.cn/utils/search.html?word=%E6%8B%9B%E6%A0%87,庾桂铭,154,1,,
703,海门市人民医院,二甲,南通市,医院官网,https://www.hmph120.com/search.html?word=%E6%8B%9B%E6%A0%87,庾桂铭,100,1,,
704,南通瑞慈医院扬州大学第四临床医学院,二甲,南通市,无,,庾桂铭,,,,
705,南通市第四人民医院,二甲,南通市,江苏省公共资源交易中心,http://jsggzy.jszwfw.gov.cn/search/fullsearch.html?wd=%E5%8D%97%E9%80%9A%E5%B8%82%E7%AC%AC%E5%9B%9B%E4%BA%BA%E6%B0%91%E5%8C%BB%E9%99%A2,庾桂铭,,,,
706,启东市第二人民医院,二甲,南通市,全国招标信息网,https://www.bidnews.cn/caigou/search.php?fields=&kw=%E5%90%AF%E4%B8%9C%E5%B8%82%E7%AC%AC%E4%BA%8C%E4%BA%BA%E6%B0%91%E5%8C%BB%E9%99%A2,庾桂铭,,,,
707,南通市中西医结合医院,二甲,南通市,江苏省公共资源交易中心,http://jsggzy.jszwfw.gov.cn/search/fullsearch.html?wd=%E5%8D%97%E9%80%9A%E5%B8%82%E4%B8%AD%E8%A5%BF%E5%8C%BB%E7%BB%93%E5%90%88%E5%8C%BB%E9%99%A2,庾桂铭,,,,
708,通州市中医院,二甲,南通市,南通市政府采购网,http://zfcg.nantong.gov.cn/fullsearch/fullsearch.html?wd=%E9%80%9A%E5%B7%9E%E4%B8%AD%E5%8C%BB%E9%99%A2,庾桂铭,,,,
709,海门市中医院,二甲,南通市,南通市政府采购网,http://zfcg.nantong.gov.cn/fullsearch/fullsearch.html?wd=%E6%B5%B7%E9%97%A8%E4%B8%AD%E5%8C%BB%E9%99%A2,庾桂铭,,,,
710,海安县人民医院南通医学院附属海安医院,二甲,南通市,无,,庾桂铭,,,,
711,如东县中医院,二甲,南通市,医院官网,http://www.rdxzyy.com/search.html?word=%E6%8B%9B%E6%A0%87,庾桂铭,200,1,,
712,南通市第三人民医院,二甲,南通市,医院官网,http://www.ntdsyy.com/channels/272.html,庾桂铭,100,,,
713,通州市人民医院,二甲,南通市,医院官网,http://www.nt87654321.com/result.html?searchCategory=info&searchKey=%25E6%258B%259B%25E6%25A0%2587,郭世远,50,1,,
714,海门市第四人民医院,二乙,南通市,江苏省公共资源交易中心,http://jsggzy.jszwfw.gov.cn/search/fullsearch.html?wd=%E6%B5%B7%E9%97%A8%E5%B8%82%E7%AC%AC%E5%9B%9B%E4%BA%BA%E6%B0%91%E5%8C%BB%E9%99%A2,庾桂铭,,,,
715,海门市第二人民医院,二乙,南通市,南通市公共资源交易网,http://zfcg.nantong.gov.cn/fullsearch/fullsearch.html?wd=%E6%B5%B7%E9%97%A8%E5%B8%82%E7%AC%AC%E4%BA%8C%E4%BA%BA%E6%B0%91%E5%8C%BB%E9%99%A2,郭世远,,,,
716,南通医学院附属医院分院南通市老年康复医院,二乙,南通市,无,,郭世远,,,,
717,南通市中西医结合医院南通市口腔医院,二乙,南通市,江苏省公共资源交易中心,http://jsggzy.jszwfw.gov.cn/search/fullsearch.html?wd=%E5%8D%97%E9%80%9A%E5%B8%82%E4%B8%AD%E8%A5%BF%E5%8C%BB%E7%BB%93%E5%90%88%E5%8C%BB%E9%99%A2%E5%8D%97%E9%80%9A%E5%B8%82%E5%8F%A3%E8%85%94%E5%8C%BB%E9%99%A2,郭世远,,,,
718,南通港口医院,二乙,南通市,无,,郭世远,,,,
719,如东县第三人民医院,二乙,南通市,无,,郭世远,,,,
720,启东市肝癌防治研究所,二丙,南通市,无,,郭世远,,,,
721,南通市肺科医院,二丙,南通市,无,,郭世远,,,,
722,南通市朝阳医院,一甲,南通市,无,,郭世远,,,,
723,通州市第八人民医院,一甲,南通市,无,,郭世远,,,,
724,启东市第四人民医院,一甲,南通市,必联网,https://ss.ebnew.com/tradingSearch/index.htm?searhType=1&key=%E5%90%AF%E4%B8%9C%E5%B8%82%E7%AC%AC%E5%9B%9B%E4%BA%BA%E6%B0%91%E5%8C%BB%E9%99%A2,郭世远,,,,
725,海门市妇幼保健所,一甲,南通市,无,,郭世远,,,,
726,如皋市博爱医院,一甲,南通市,无,,郭世远,,,,
727,如东县丰利医院,一甲,南通市,无,,郭世远,,,,
728,南通市朝阳医院通棉二厂职工医院,一乙,南通市,无,,郭世远,,,,
729,海安生殖健康医院,一乙,南通市,无,,郭世远,,,,
730,常州市中医医院,三甲,常州市,江苏政府采购网,http://www.ccgp-jiangsu.gov.cn/jiangsu/search.html?kw=%E5%B8%B8%E5%B7%9E%E5%B8%82%E4%B8%AD%E5%8C%BB%E5%8C%BB%E9%99%A2,郭世远,,,,
731,常州市第一人民医院,三甲,常州市,医院官网,http://www.czfph.com/list/4865.html,郭世远,289,1,,
732,常州市中医院,三甲,常州市,无,,郭世远,,,,
733,常州市第三人民医院,三甲,常州市,常州市政府采购,http://search.changzhou.gov.cn/index.php?sitename=zfcg&keyword=%E5%B8%B8%E5%B7%9E%E5%B8%82%E7%AC%AC%E4%B8%89%E4%BA%BA%E6%B0%91%E5%8C%BB%E9%99%A2,郭世远,,,,
734,常州市妇幼保健医院,三甲,常州市,无,,郭世远,,,,
735,常州市肿瘤医院,三甲,常州市,常州市政府采购,http://search.changzhou.gov.cn/index.php?sitename=zfcg&keyword=%E5%B8%B8%E5%B7%9E%E5%B8%82%E8%82%BF%E7%98%A4%E5%8C%BB%E9%99%A2,郭世远,,,,
736,常州市妇幼保健院,三甲,常州市,常州市政府采购,http://search.changzhou.gov.cn/index.php?sitename=zfcg&keyword=%E5%B8%B8%E5%B7%9E%E5%B8%82%E5%A6%87%E5%B9%BC%E4%BF%9D%E5%81%A5%E9%99%A2,郭世远,,,,
737,中国人民解放军第一0二医院,三甲,常州市,无,,郭世远,,,,
738,常州市眼耳鼻咽喉科医院,三乙,常州市,无,,郭世远,,,,
739,常州市第二人民医院,三乙,常州市,常州市政府采购,http://search.changzhou.gov.cn/index.php?sitename=zfcg&keyword=%E5%B8%B8%E5%B7%9E%E5%B8%82%E7%AC%AC%E4%BA%8C%E4%BA%BA%E6%B0%91%E5%8C%BB%E9%99%A2,郭世远,,,,
740,常州市儿童医院,三丙,常州市,无,,郭世远,,,,
741,常州市商业职工医院,三丙,常州市,无,,郭世远,,,,
742,金坛市人民医院,二甲,常州市,无,,郭世远,,,,
743,常州市武进人民医院,二甲,常州市,常州市政府采购,http://search.changzhou.gov.cn/index.php?sitename=zfcg&keyword=%E5%B8%B8%E5%B7%9E%E5%B8%82%E6%AD%A6%E8%BF%9B%E4%BA%BA%E6%B0%91%E5%8C%BB%E9%99%A2,郭世远,,,,
744,溧阳市人民医院,二甲,常州市,医院官网,http://www.lyrmyy.com/default.php?keyword=%E6%8B%9B%E6%A0%87&x=45&y=10&mod=search&s60677693_start=0,郭世远,260,1,,
745,溧阳市中医院,二甲,常州市,无,,郭世远,,,,
746,常州市第六人民医院,二甲,常州市,同741,,郭世远,,,,
747,常州市钟楼医院,二甲,常州市,无,,郭世远,,,,
748,常州市中西医结合,二甲,常州市,无,,郭世远,,,,
749,常州市第六人民医院常州市儿童医院,二甲,常州市,同741,,郭世远,,,,
750,戚墅堰机车车辆厂医院,二甲,常州市,无,,郭世远,,,,
751,常州市中西医结合医院常州市广化医院,二甲,常州市,江苏省公共资源交易中心,http://jsggzy.jszwfw.gov.cn/search/fullsearch.html?wd=%E5%B8%B8%E5%B7%9E%E5%B8%82%E4%B8%AD%E8%A5%BF%E5%8C%BB%E7%BB%93%E5%90%88%E5%8C%BB%E9%99%A2,郭世远,,,,
752,金坛市中医院,二甲,常州市,无,,郭世远,,,,
753,常州市戚墅堰区医院,二甲,常州市,无,,郭世远,,,,
754,常州市戚墅堰机车车辆厂医院,二甲,常州市,无,,郭世远,,,,
755,常州市第四人民医院常州市红十字（肿瘤）医院,二甲,常州市,常州市政府采购,http://search.changzhou.gov.cn/index.php?sitename=zfcg&keyword=%E5%B8%B8%E5%B7%9E%E5%B8%82%E7%AC%AC%E5%9B%9B%E4%BA%BA%E6%B0%91%E5%8C%BB%E9%99%A2,郭世远,,,,
756,常州市武进人民医院江苏大学附属武进医院,二甲,常州市,同744,,郭世远,,,,
757,常州市武进中医医院,二甲,常州市,常州市政府采购,http://search.changzhou.gov.cn/index.php?sitename=zfcg&keyword=%E5%B8%B8%E5%B7%9E%E5%B8%82%E6%AD%A6%E8%BF%9B%E4%B8%AD%E5%8C%BB%E5%8C%BB%E9%99%A2,郭世远,,,,
758,常州市同济医院,二甲,常州市,无,,郭世远,,,,
759,常州市武进第二人民医院,二甲,常州市,无,,郭世远,,,,
760,常州市武进中医院,二甲,常州市,无,,郭世远,,,,
761,常州市戚墅堰区人民医院,二甲,常州市,无,,郭世远,,,,
762,常州小鹰医院常州市第九医院,二乙,常州市,无,,郭世远,,,,
763,常州监狱医院,二乙,常州市,无,,郭世远,,,,
764,常州市钟楼医院常州市口腔医院,二乙,常州市,无,,郭世远,,,,
765,江苏省溧阳监狱医院,二乙,常州市,江苏省监狱管理局,http://jssjyglj.jiangsu.gov.cn/col/col49344/index.html?number=06,郭世远,,,,
766,常州市新北区薛家卫生院,一甲,常州市,常州市政府采购,http://search.changzhou.gov.cn/index.php?sitename=zfcg&keyword=%E5%B8%B8%E5%B7%9E%E5%B8%82%E6%96%B0%E5%8C%97%E5%8C%BA%E8%96%9B%E5%AE%B6%E5%8D%AB%E7%94%9F%E9%99%A2,郭世远,,,,
767,溧阳市第四人民医院,一甲,常州市,无,,郭世远,,,,
768,常州市新北区安家卫生院,一甲,常州市,常州市政府采购,http://search.changzhou.gov.cn/index.php?sitename=zfcg&keyword=%E5%B8%B8%E5%B7%9E%E5%B8%82%E6%96%B0%E5%8C%97%E5%8C%BA%E5%AE%89%E5%AE%B6%E5%8D%AB%E7%94%9F%E9%99%A2,郭世远,,,,
769,常州市新北区孟河人民医院孟城门诊部,一甲,常州市,无,,郭世远,,,,
770,常州市新北区西夏墅卫生院,一甲,常州市,常州市政府采购,http://search.changzhou.gov.cn/index.php?sitename=zfcg&keyword=%E5%B8%B8%E5%B7%9E%E5%B8%82%E6%96%B0%E5%8C%97%E5%8C%BA%E8%A5%BF%E5%A4%8F%E5%A2%85%E5%8D%AB%E7%94%9F%E9%99%A2,郭世远,,,,
771,常州市新北区圩塘卫生院,一甲,常州市,常州市政府采购,http://search.changzhou.gov.cn/index.php?sitename=zfcg&keyword=%E5%B8%B8%E5%B7%9E%E5%B8%82%E6%96%B0%E5%8C%97%E5%8C%BA%E5%9C%A9%E5%A1%98%E5%8D%AB%E7%94%9F%E9%99%A2,郭世远,,,,
772,溧阳市口腔病防治医院,一甲,常州市,无,,郭世远,,,,
773,常州市新北区孟河人民医院,一甲,常州市,常州市政府采购,http://search.changzhou.gov.cn/index.php?sitename=zfcg&keyword=%E5%B8%B8%E5%B7%9E%E5%B8%82%E6%96%B0%E5%8C%97%E5%8C%BA%E5%AD%9F%E6%B2%B3%E4%BA%BA%E6%B0%91%E5%8C%BB%E9%99%A2,郭世远,,,,
774,常州市钟楼区五星街道社区卫生服务中心,一丙,常州市,江苏省公共资源交易中心,http://jsggzy.jszwfw.gov.cn/search/fullsearch.html?wd=%E5%B8%B8%E5%B7%9E%E5%B8%82%E9%92%9F%E6%A5%BC%E5%8C%BA%E4%BA%94%E6%98%9F%E8%A1%97%E9%81%93%E7%A4%BE%E5%8C%BA%E5%8D%AB%E7%94%9F%E6%9C%8D%E5%8A%A1%E4%B8%AD%E5%BF%83,郭世远,,,,
775,常州市戚墅堰区丁堰街道社区卫生服务中心,一丙,常州市,常州市政府采购,http://search.changzhou.gov.cn/index.php?sitename=zfcg&keyword=%E5%B8%B8%E5%B7%9E%E5%B8%82%E6%88%9A%E5%A2%85%E5%A0%B0%E5%8C%BA%E4%B8%81%E5%A0%B0%E8%A1%97%E9%81%93%E7%A4%BE%E5%8C%BA%E5%8D%AB%E7%94%9F%E6%9C%8D%E5%8A%A1%E4%B8%AD%E5%BF%83,郭世远,,,,
776,常州市新北区罗溪卫生院,一丙,常州市,江苏省公共资源交易中心,http://jsggzy.jszwfw.gov.cn/search/fullsearch.html?wd=%E5%B8%B8%E5%B7%9E%E5%B8%82%E6%96%B0%E5%8C%97%E5%8C%BA%E7%BD%97%E6%BA%AA%E5%8D%AB%E7%94%9F%E9%99%A2,郭世远,,,,
777,常州市钟楼区永红街道社区卫生服务中心,一丙,常州市,常州市政府采购,http://search.changzhou.gov.cn/index.php?sitename=zfcg&keyword=%E5%B8%B8%E5%B7%9E%E5%B8%82%E9%92%9F%E6%A5%BC%E5%8C%BA%E6%B0%B8%E7%BA%A2%E8%A1%97%E9%81%93%E7%A4%BE%E5%8C%BA%E5%8D%AB%E7%94%9F%E6%9C%8D%E5%8A%A1%E4%B8%AD%E5%BF%83,郭世远,,,,
778,常州市天宁区红梅街道社区卫生服务中心,一丙,常州市,无,,郭世远,,,,
779,常州市新北区魏村卫生院,一丙,常州市,常州市政府采购,http://search.changzhou.gov.cn/index.php?sitename=zfcg&keyword=%E5%B8%B8%E5%B7%9E%E5%B8%82%E6%96%B0%E5%8C%97%E5%8C%BA%E9%AD%8F%E6%9D%91%E5%8D%AB%E7%94%9F%E9%99%A2,郭世远,,,,
780,连云港市第一人民医院,三甲,连云港,医院官网,http://bid.lygyy.com.cn/notice?bulletinType=0&flag=0,郭世远,页面不返回数据,,,
781,连云港市中医院,三乙,连云港,无,,郭世远,,,,
782,连云港市第二人民医院,二甲,连云港,医院官网,http://www.lygey.com/xwzx_list.jsp?id=010206,郭世远,页面不返回数据,,,
783,东海县人民医院,二甲,连云港,无,,郭世远,,,,
784,连云港市第二人民医院东院区,二甲,连云港,无,,郭世远,,,,
785,赣榆县人民医院,二甲,连云港,无,,郭世远,,,,
786,中国人民解放军一四九医院,二甲,连云港,江苏省公共资源交易中心,http://jsggzy.jszwfw.gov.cn/search/fullsearch.html?wd=%E4%B8%AD%E5%9B%BD%E4%BA%BA%E6%B0%91%E8%A7%A3%E6%94%BE%E5%86%9B%E4%B8%80%E5%9B%9B%E4%B9%9D%E5%8C%BB%E9%99%A2,郭世远,,,,
787,连云港海港医院,二甲,连云港,无,,郭世远,,,,
788,连云港市新浦区人民医院,二甲,连云港,无,,郭世远,,,,
789,连云港市海港医院,二甲,连云港,无,,郭世远,,,,
790,连云港市第二人民医院连云港市肿瘤医院,二甲,连云港,无,,郭世远,,,,
791,连云港市第一人民医院东方医院连云港市红十字医院,二甲,连云港,无,,郭世远,,,,
792,连云港盐业公司总医院,二甲,连云港,无,,郭世远,,,,
793,连云港长寿医院,二甲,连云港,无,,郭世远,,,,
794,灌南县人民医院,二甲,连云港,无,,郭世远,,,,
795,连云港市第二人民医院西院区,二甲,连云港,江苏省公共资源交易中心,http://jsggzy.jszwfw.gov.cn/search/fullsearch.html?wd=%E8%BF%9E%E4%BA%91%E6%B8%AF%E5%B8%82%E7%AC%AC%E4%BA%8C%E4%BA%BA%E6%B0%91%E5%8C%BB%E9%99%A2%E8%A5%BF%E9%99%A2%E5%8C%BA,郭世远,,,,
796,连云港市东方医院,二甲,连云港,医院官网,http://www.lygdfyy.com.cn/Html/Ywgk/ztbgg/,郭世远,页面不返回数据,,,
797,连云港市第三人民医院,二乙,连云港,医院官网,http://www.lygfybj.com/Search.asp,郭世远,1147,1,,
798,新浦区第三人民医院,二乙,连云港,无,,郭世远,,,,
799,江苏省盐业公司总医院,二乙,连云港,无,,郭世远,,,,
800,灌云县人民医院,二乙,连云港,医院官网,http://www.gyxrmyy.cn/html/list_22.html,郭世远,110,1,,
801,连云港圣良骨科医院,二乙,连云港,无,,郭世远,,,,
802,连云港市友好医院,二乙,连云港,无,,郭世远,,,,
803,江苏省东辛集团职工医院,二乙,连云港,无,,郭世远,,,,
804,新浦区人民医院,二乙,连云港,无,,郭世远,,,,
805,连云港友好医院,二乙,连云港,无,,郭世远,,,,
806,连云港市第三人民医院连云港市妇幼保健院,二乙,连云港,同798,,郭世远,,,,
807,海州区人民医院,二乙,连云港,无,,郭世远,,,,
808,灌云县仁济医院,二丙,连云港,无,,郭世远,,,,
809,灌云监狱医院,一甲,连云港,无,,郭世远,,,,
810,连云港市恒康医院,一甲,连云港,无,,郭世远,,,,
811,连云港市恒康,一甲,连云港,无,,郭世远,,,,
812,扬州市中医院,三甲,扬州市,医院官网,http://www.yzszyy.com/home/news/index/functionid/207/type/7,郭世远,366,1,,
813,江苏省苏北人民医院,三甲,扬州市,医院官网,https://www.yzsbh.com/Html/News/Main/118.html,郭世远,页面不返回数据,,,
814,扬州市第一人民医院,三甲,扬州市,医院官网,http://www.yangzhouyiyuan.com/ywgklb.php?lbid=223,郭世远,297,1,,
815,武警江苏总队医院,三乙,扬州市,中国政府采购网,http://www.ccgp.gov.cn/cggg/dfgg/,郭世远,,,,
816,江苏省武警医院,三乙,扬州市,无,,郭世远,,,,
817,扬州市第三人民医院,二甲,扬州市,医院官网,https://www.yzhospital.cn/Notification/list.aspx,郭世远,104,1,,
818,扬州市第二人民医院,二甲,扬州市,扬州市政府采购网,http://zfcg.yangzhou.gov.cn//search4/s?uc=1&siteCode=3210000006&column=%E5%85%A8%E9%83%A8&searchWord=%E6%89%AC%E5%B7%9E%E5%B8%82%E7%AC%AC%E4%BA%8C%E4%BA%BA%E6%B0%91%E5%8C%BB%E9%99%A2,郭世远,,,,
819,宝应县人民医院,二甲,扬州市,扬州市政府采购网,http://zfcg.yangzhou.gov.cn//search4/s?uc=1&siteCode=3210000006&column=%E5%85%A8%E9%83%A8&searchWord=%E5%AE%9D%E5%BA%94%E5%8E%BF%E4%BA%BA%E6%B0%91%E5%8C%BB%E9%99%A2,郭世远,,,,
820,南京医科大学第三附属医院,二甲,扬州市,医院官网,http://www.nydsrrsh.com/cgxx/cgxx.aspx,郭世远,页面不返回数据,,,
821,高邮市人民医院,二甲,扬州市,扬州市政府采购网,http://zfcg.yangzhou.gov.cn/search4/s?searchWord=%25E9%25AB%2598%25E9%2582%25AE%25E5%25B8%2582%25E4%25BA%25BA%25E6%25B0%2591%25E5%258C%25BB%25E9%2599%25A2%2520%25E6%258B%259B%25E6%25A0%2587&column=%25E5%2585%25A8%25E9%2583%25A8&pageSize=10&pageNum=0&siteCode=3210000006&sonSiteCode=&checkHandle=1&searchSource=0&govWorkBean=%257B%257D&areaSearchFlag=-1&secondSearchWords=&topical=&docName=&label=&countKey=0&uc=0&left_right_index=0&searchBoxSettingsIndex=&manualWord=%25E9%25AB%2598%25E9%2582%25AE%25E5%25B8%2582%25E4%25BA%25BA%25E6%25B0%2591%25E5%258C%25BB%25E9%2599%25A2%2520%25E6%258B%259B%25E6%25A0%2587&orderBy=0&startTime=&endTime=&timeStamp=0&strFileType=&wordPlace=1,郭世远,,,,
822,仪征市人民医院,二甲,扬州市,医院官网,http://rmyy.yizheng.cn/yzsrmyy/zbxx/list.shtml,郭世远,342,1,,
823,南京医科大学第三附属医院仪化集团公司医院,二甲,扬州市,无,,郭世远,,,,
824,扬州友好医院,二甲,扬州市,无,,郭世远,,,,
825,江苏石油勘探局职工医院,二甲,扬州市,无,,郭世远,,,,
826,江都市人民医院,二甲,扬州市,无,,郭世远,,,,
827,扬州市第四人民医院,二甲,扬州市,无,,郭世远,,,,
828,扬州市妇幼保健院,二甲,扬州市,医院官网,https://www.yzfybj.com/nav/index/id/112.html,郭世远,591,1,,
829,扬州市邗江区人民医院,二甲,扬州市,无,,郭世远,,,,
830,扬州市妇幼保健院扬州市红十字医院,二甲,扬州市,同829,,郭世远,,,,
831,扬州市第三人民医院扬州市肿瘤医院,二甲,扬州市,同818,,郭世远,,,,
832,扬州大学医学院附属常熟医院常熟市第二人民医院,二甲,扬州市,无,,郭世远,,,,
833,宝应县中医医院,二甲,扬州市,医院官网,http://www.byzyyy.com/news.asp?id=50,郭世远,127,1,,
834,汤州市广陵医院,二乙,扬州市,无,,郭世远,,,,
835,中国核工业华兴建设公司职工医院,二乙,扬州市,无,,郭世远,,,,
836,扬州市广陵医院,二乙,扬州市,无,,郭世远,,,,
837,江都市第三人民医院,一甲,扬州市,无,,郭世远,,,,
838,扬州市老年康复医院,一甲,扬州市,无,,郭世远,,,,
839,扬州市邗江区中医院,一甲,扬州市,无,,郭世远,,,,
840,扬州市维扬区人民医院,一甲,扬州市,无,,郭世远,,,,
841,扬州市口腔医院,一甲,扬州市,扬州市政府采购网,http://zfcg.yangzhou.gov.cn/search4/s?searchWord=%25E6%2589%25AC%25E5%25B7%259E%25E5%25B8%2582%25E5%258F%25A3%25E8%2585%2594%25E5%258C%25BB%25E9%2599%25A2&column=%25E5%2585%25A8%25E9%2583%25A8&pageSize=10&pageNum=0&siteCode=3210000006&sonSiteCode=&checkHandle=1&searchSource=0&govWorkBean=%257B%257D&areaSearchFlag=-1&secondSearchWords=&topical=&docName=&label=&countKey=0&uc=0&left_right_index=0&searchBoxSettingsIndex=&manualWord=%25E6%2589%25AC%25E5%25B7%259E%25E5%25B8%2582%25E5%25B9%25BF%25E9%2599%25B5%25E5%258C%25BB%25E9%2599%25A2&orderBy=0&startTime=&endTime=&timeStamp=0&strFileType=&wordPlace=1,郭世远,,,,
842,江都市南苑医院,一甲,扬州市,无,,郭世远,,,,
843,江苏大学附属医院,三甲,镇江市,医院官网,http://www.jdfy.cn/zhaobiaoguanli/,郭世远,822,1,,
844,镇江市第四人民医院,三甲,镇江市,医院官网,https://www.zj4y.net/yygg/zbgg/,郭世远,495,1,,
845,镇江市第一人民医院,三乙,镇江市,医院官网,https://www.zjhospital.net/yiyuangonggao/,郭世远,445,1,,
846,镇江市第三人民医院,三乙,镇江市,医院官网,https://www.jszjsy.cn/channels/46.html,郭世远,159,1,,
847,解放军第三五九医院,三乙,镇江市,无,,郭世远,,,,
848,中国人民解放军第三五九医院,三乙,镇江市,无,,郭世远,,,,
849,镇江市中医院,二甲,镇江市,医院官网,http://www.zjzyy.net/Column/10/59.aspx,郭世远,257,1,,
850,丹阳市第二人民医院,二甲,镇江市,江苏省公共资源交易中心,http://jsggzy.jszwfw.gov.cn/search/fullsearch.html?wd=%E4%B8%B9%E9%98%B3%E5%B8%82%E7%AC%AC%E4%BA%8C%E4%BA%BA%E6%B0%91%E5%8C%BB%E9%99%A2,郭世远,,,,
851,镇江市第二人民医院,二甲,镇江市,医院官网,http://www.myzjey.com/List/index/id/47/p/3.html,郭世远,305,1,,
852,扬中市人民医院,二甲,镇江市,医院官网,http://www.yzhp.com/Article/lm.php?Id=61,郭世远,376,1,,
853,丹阳市人民医院,二甲,镇江市,医院官网,http://www.dys120.com/index.php?m=content&c=index&a=lists&catid=232,郭世远,194,1,,
854,句容市人民医院,二甲,镇江市,江苏政府采购网,http://www.ccgp-jiangsu.gov.cn/jiangsu/search.html?kw=%E5%8F%A5%E5%AE%B9%E5%B8%82%E4%BA%BA%E6%B0%91%E5%8C%BB%E9%99%A2,郭世远,,,,
855,丹阳市中医院,二甲,镇江市,医院官网,http://www.dyszyy.cn/zhaobiaoxinxi/,郭世远,19,1,,
856,镇江市丹徒区人民医院,二甲,镇江市,中国政府采购网,http://search.ccgp.gov.cn/bxsearch?searchtype=1&page_index=1&bidSort=0&buyerName=&projectId=&pinMu=0&bidType=0&dbselect=bidx&kw=%E9%95%87%E6%B1%9F%E5%B8%82%E4%B8%B9%E5%BE%92%E5%8C%BA%E4%BA%BA%E6%B0%91%E5%8C%BB%E9%99%A2&start_time=2021%3A12%3A19&end_time=2022%3A06%3A19&timeType=5&displayZone=&zoneId=&pppStatus=0&agentName=,郭世远,,,,
857,镇江市润州区黄山医院,二甲,镇江市,无,,郭世远,,,,
858,镇江市第四人民医院江苏大学第四附属医院镇江市妇幼保健院,二甲,镇江市,医院官网,https://www.zj4y.net/yygg/zbgg/,郭世远,495,1,,
859,扬中市中医院,二甲,镇江市,医院官网,http://www.yzszyy.com.cn/PC/ywgk.html,郭世远,71,1,,
860,镇江市丹徒区中西医结合肾病医院,二乙,镇江市,无,,郭世远,,,,
861,江苏省句容监狱医院,二乙,镇江市,无,,郭世远,,,,
862,丹阳市儿童医院,二乙,镇江市,无,,郭世远,,,,
863,镇江市仁济医院,二乙,镇江市,无,,郭世远,,,,
864,丹阳市第二人民医院丹阳市妇幼保健院,二乙,镇江市,同851,,郭世远,,,,
865,镇江市东吴医院,二乙,镇江市,无,,张革,,,,
866,丹阳市妇幼保健院,一甲,镇江市,医院官网,http://www.dysfybjy.com/page112,张革,27,1,,
867,镇江市丹徒区第二人民医院,一甲,镇江市,无,,张革,,,,
868,镇江市云台医院,一甲,镇江市,无,,张革,,,,
869,镇江市新区人民医院,一甲,镇江市,医院官网,http://www.zjxqyy.com/article/15,张革,24,1,,
870,镇江市润州区金江医院,一甲,镇江市,无,,张革,,,,
871,镇江市润州区南徐医院,一甲,镇江市,无,,王京岭,,,,
872,镇江云台医院,一甲,镇江市,无,,王京岭,,,,
873,镇江市润州区韦岗医院,一甲,镇江市,无,,王京岭,,,,
874,镇江市痔科医院,一甲,镇江市,无,,王京岭,,,,
875,镇江市润州区妇幼保健所,一甲,镇江市,医院官网,http://www.zj4y.net/yygg/zbgg/,郭世远,497,1,,
876,扬中八桥医院,一甲,镇江市,无,,王京岭,,,,
877,镇江迎江医院,一甲,镇江市,无,,王京岭,,,,
